At2g26510,GO:0035344,GO:0098702,GO:0098710,GO:0098721,,,,,,,,,,,,,,,,,,,,,,,,,,,,,,,,
At2g39795,,,,,,,,,,,,,,,,,,,,,,,,,,,,,,,,,,,,
At2g39780,GO:0010507,GO:0016075,,,,,,,,,,,,,,,,,,,,,,,,,,,,,,,,,,
At2g23340,,,,,,,,,,,,,,,,,,,,,,,,,,,,,,,,,,,,
At2g39850,,,,,,,,,,,,,,,,,,,,,,,,,,,,,,,,,,,,
At2g40900,GO:0044746,GO:0048316,,,,,,,,,,,,,,,,,,,,,,,,,,,,,,,,,,
At2g40950,GO:0006355,GO:0042538,GO:0045893,,,,,,,,,,,,,,,,,,,,,,,,,,,,,,,,,
At2g41630,GO:0009960,GO:0010183,GO:0080092,,,,,,,,,,,,,,,,,,,,,,,,,,,,,,,,,
At2g47450,,,,,,,,,,,,,,,,,,,,,,,,,,,,,,,,,,,,
At2g47490,GO:0043132,,,,,,,,,,,,,,,,,,,,,,,,,,,,,,,,,,,
At5g12420,,,,,,,,,,,,,,,,,,,,,,,,,,,,,,,,,,,,
At1g67740,,,,,,,,,,,,,,,,,,,,,,,,,,,,,,,,,,,,
At1g67750,,,,,,,,,,,,,,,,,,,,,,,,,,,,,,,,,,,,
At1g67730,GO:0009793,GO:0042761,,,,,,,,,,,,,,,,,,,,,,,,,,,,,,,,,,
At4g25570,,,,,,,,,,,,,,,,,,,,,,,,,,,,,,,,,,,,
At4g15440,GO:0009611,,,,,,,,,,,,,,,,,,,,,,,,,,,,,,,,,,,
At4g17245,,,,,,,,,,,,,,,,,,,,,,,,,,,,,,,,,,,,
At4g16780,GO:0008283,GO:0009641,GO:0009733,GO:0009735,GO:0009826,GO:0010016,GO:0010017,GO:0010218,GO:0045892,GO:0048364,,,,,,,,,,,,,,,,,,,,,,,,,,
At4g15560,GO:0015995,GO:0019288,,,,,,,,,,,,,,,,,,,,,,,,,,,,,,,,,,
At4g17530,GO:0009555,GO:0009860,,,,,,,,,,,,,,,,,,,,,,,,,,,,,,,,,,
At4g14690,GO:0010030,GO:0010114,GO:0010117,GO:0010218,GO:0010224,GO:0010380,GO:0034605,GO:0071483,GO:0071486,GO:0071490,GO:0071491,GO:0071492,,,,,,,,,,,,,,,,,,,,,,,,
At4g16770,,,,,,,,,,,,,,,,,,,,,,,,,,,,,,,,,,,,
At4g16146,,,,,,,,,,,,,,,,,,,,,,,,,,,,,,,,,,,,
At4g17260,GO:0009651,GO:0009737,,,,,,,,,,,,,,,,,,,,,,,,,,,,,,,,,,
At4g16515,,,,,,,,,,,,,,,,,,,,,,,,,,,,,,,,,,,,
At4g16447,,,,,,,,,,,,,,,,,,,,,,,,,,,,,,,,,,,,
At4g17090,GO:0000024,GO:0005983,GO:0009409,,,,,,,,,,,,,,,,,,,,,,,,,,,,,,,,,
At4g17770,,,,,,,,,,,,,,,,,,,,,,,,,,,,,,,,,,,,
At4g16690,,,,,,,,,,,,,,,,,,,,,,,,,,,,,,,,,,,,
At4g15490,,,,,,,,,,,,,,,,,,,,,,,,,,,,,,,,,,,,
At4g13940,GO:0006346,GO:0009793,GO:0016441,,,,,,,,,,,,,,,,,,,,,,,,,,,,,,,,,
At4g14870,,,,,,,,,,,,,,,,,,,,,,,,,,,,,,,,,,,,
At4g14560,GO:0009733,,,,,,,,,,,,,,,,,,,,,,,,,,,,,,,,,,,
At4g17340,,,,,,,,,,,,,,,,,,,,,,,,,,,,,,,,,,,,
At4g17550,GO:0055062,,,,,,,,,,,,,,,,,,,,,,,,,,,,,,,,,,,
At4g17060,,,,,,,,,,,,,,,,,,,,,,,,,,,,,,,,,,,,
At4g17140,,,,,,,,,,,,,,,,,,,,,,,,,,,,,,,,,,,,
At4g16710,,,,,,,,,,,,,,,,,,,,,,,,,,,,,,,,,,,,
At4g16390,GO:0009658,GO:0031425,GO:0045727,,,,,,,,,,,,,,,,,,,,,,,,,,,,,,,,,
At4g15690,,,,,,,,,,,,,,,,,,,,,,,,,,,,,,,,,,,,
At4g15770,,,,,,,,,,,,,,,,,,,,,,,,,,,,,,,,,,,,
At4g15780,,,,,,,,,,,,,,,,,,,,,,,,,,,,,,,,,,,,
At4g15920,GO:0006995,GO:0007623,GO:0009646,GO:0009750,GO:0015755,GO:0051260,GO:0070417,GO:1902334,,,,,,,,,,,,,,,,,,,,,,,,,,,,
At4g15130,GO:0006656,,,,,,,,,,,,,,,,,,,,,,,,,,,,,,,,,,,
At4g15430,,,,,,,,,,,,,,,,,,,,,,,,,,,,,,,,,,,,
At4g14750,,,,,,,,,,,,,,,,,,,,,,,,,,,,,,,,,,,,
At4g14550,GO:0009733,GO:0010102,GO:0045892,,,,,,,,,,,,,,,,,,,,,,,,,,,,,,,,,
At4g14230,,,,,,,,,,,,,,,,,,,,,,,,,,,,,,,,,,,,
At4g14240,,,,,,,,,,,,,,,,,,,,,,,,,,,,,,,,,,,,
At4g14270,,,,,,,,,,,,,,,,,,,,,,,,,,,,,,,,,,,,
At4g14090,,,,,,,,,,,,,,,,,,,,,,,,,,,,,,,,,,,,
At1g25230,,,,,,,,,,,,,,,,,,,,,,,,,,,,,,,,,,,,
At1g25275,GO:0080167,,,,,,,,,,,,,,,,,,,,,,,,,,,,,,,,,,,
At1g28330,,,,,,,,,,,,,,,,,,,,,,,,,,,,,,,,,,,,
At1g73390,,,,,,,,,,,,,,,,,,,,,,,,,,,,,,,,,,,,
At1g73380,,,,,,,,,,,,,,,,,,,,,,,,,,,,,,,,,,,,
At1g73480,,,,,,,,,,,,,,,,,,,,,,,,,,,,,,,,,,,,
At1g51140,GO:0006355,GO:0010119,GO:0042335,GO:0048573,,,,,,,,,,,,,,,,,,,,,,,,,,,,,,,,
At1g51090,GO:0050832,,,,,,,,,,,,,,,,,,,,,,,,,,,,,,,,,,,
At1g66890,,,,,,,,,,,,,,,,,,,,,,,,,,,,,,,,,,,,
At1g33600,,,,,,,,,,,,,,,,,,,,,,,,,,,,,,,,,,,,
At1g32160,,,,,,,,,,,,,,,,,,,,,,,,,,,,,,,,,,,,
At1g26220,,,,,,,,,,,,,,,,,,,,,,,,,,,,,,,,,,,,
At5g09420,GO:0006626,,,,,,,,,,,,,,,,,,,,,,,,,,,,,,,,,,,
At5g09440,GO:0050832,,,,,,,,,,,,,,,,,,,,,,,,,,,,,,,,,,,
At5g11070,,,,,,,,,,,,,,,,,,,,,,,,,,,,,,,,,,,,
At5g13110,GO:0006006,GO:0009051,,,,,,,,,,,,,,,,,,,,,,,,,,,,,,,,,,
At5g13090,,,,,,,,,,,,,,,,,,,,,,,,,,,,,,,,,,,,
At5g20830,GO:0001666,GO:0006970,GO:0009409,GO:0009413,GO:0009414,GO:0009744,GO:0009749,GO:0010555,GO:0046686,GO:0072708,,,,,,,,,,,,,,,,,,,,,,,,,,
At5g20790,,,,,,,,,,,,,,,,,,,,,,,,,,,,,,,,,,,,
At5g08330,GO:0006355,GO:0042752,GO:0043433,,,,,,,,,,,,,,,,,,,,,,,,,,,,,,,,,
At5g10730,,,,,,,,,,,,,,,,,,,,,,,,,,,,,,,,,,,,
At5g21100,,,,,,,,,,,,,,,,,,,,,,,,,,,,,,,,,,,,
At5g21170,,,,,,,,,,,,,,,,,,,,,,,,,,,,,,,,,,,,
At5g08400,,,,,,,,,,,,,,,,,,,,,,,,,,,,,,,,,,,,
At5g20160,,,,,,,,,,,,,,,,,,,,,,,,,,,,,,,,,,,,
At5g20180,,,,,,,,,,,,,,,,,,,,,,,,,,,,,,,,,,,,
At5g20280,GO:0071836,,,,,,,,,,,,,,,,,,,,,,,,,,,,,,,,,,,
At5g20250,,,,,,,,,,,,,,,,,,,,,,,,,,,,,,,,,,,,
At5g20360,,,,,,,,,,,,,,,,,,,,,,,,,,,,,,,,,,,,
At5g19875,GO:0006979,,,,,,,,,,,,,,,,,,,,,,,,,,,,,,,,,,,
At5g20070,,,,,,,,,,,,,,,,,,,,,,,,,,,,,,,,,,,,
At5g20110,,,,,,,,,,,,,,,,,,,,,,,,,,,,,,,,,,,,
At5g19940,,,,,,,,,,,,,,,,,,,,,,,,,,,,,,,,,,,,
At5g32440,,,,,,,,,,,,,,,,,,,,,,,,,,,,,,,,,,,,
At4g37240,,,,,,,,,,,,,,,,,,,,,,,,,,,,,,,,,,,,
At4g36640,,,,,,,,,,,,,,,,,,,,,,,,,,,,,,,,,,,,
At4g37260,GO:0009723,GO:0009737,GO:0009751,GO:0009753,GO:0010200,GO:0046686,,,,,,,,,,,,,,,,,,,,,,,,,,,,,,
At1g31780,,,,,,,,,,,,,,,,,,,,,,,,,,,,,,,,,,,,
At4g36940,,,,,,,,,,,,,,,,,,,,,,,,,,,,,,,,,,,,
At3g51895,GO:0008272,,,,,,,,,,,,,,,,,,,,,,,,,,,,,,,,,,,
At1g77400,,,,,,,,,,,,,,,,,,,,,,,,,,,,,,,,,,,,
At1g58150,,,,,,,,,,,,,,,,,,,,,,,,,,,,,,,,,,,,
At1g58180,,,,,,,,,,,,,,,,,,,,,,,,,,,,,,,,,,,,
At1g58110,,,,,,,,,,,,,,,,,,,,,,,,,,,,,,,,,,,,
At1g57590,,,,,,,,,,,,,,,,,,,,,,,,,,,,,,,,,,,,
At5g16760,GO:0010264,GO:0052746,,,,,,,,,,,,,,,,,,,,,,,,,,,,,,,,,,
At5g16940,,,,,,,,,,,,,,,,,,,,,,,,,,,,,,,,,,,,
At5g17010,,,,,,,,,,,,,,,,,,,,,,,,,,,,,,,,,,,,
At5g17050,GO:0080167,,,,,,,,,,,,,,,,,,,,,,,,,,,,,,,,,,,
At5g16040,,,,,,,,,,,,,,,,,,,,,,,,,,,,,,,,,,,,
At5g15910,,,,,,,,,,,,,,,,,,,,,,,,,,,,,,,,,,,,
At5g16030,,,,,,,,,,,,,,,,,,,,,,,,,,,,,,,,,,,,
At5g15740,,,,,,,,,,,,,,,,,,,,,,,,,,,,,,,,,,,,
At5g15790,,,,,,,,,,,,,,,,,,,,,,,,,,,,,,,,,,,,
At5g15850,GO:0009909,,,,,,,,,,,,,,,,,,,,,,,,,,,,,,,,,,,
At5g15860,,,,,,,,,,,,,,,,,,,,,,,,,,,,,,,,,,,,
At5g15640,,,,,,,,,,,,,,,,,,,,,,,,,,,,,,,,,,,,
At5g15090,GO:0009060,GO:0009409,GO:0009617,GO:0009735,GO:0010029,GO:0042742,,,,,,,,,,,,,,,,,,,,,,,,,,,,,,
At5g14920,GO:0009651,GO:0009737,GO:0009739,GO:2000377,,,,,,,,,,,,,,,,,,,,,,,,,,,,,,,,
At5g15440,,,,,,,,,,,,,,,,,,,,,,,,,,,,,,,,,,,,
At5g15450,GO:0009408,GO:0009658,,,,,,,,,,,,,,,,,,,,,,,,,,,,,,,,,,
At5g15580,GO:0051513,,,,,,,,,,,,,,,,,,,,,,,,,,,,,,,,,,,
At5g14940,GO:0009624,,,,,,,,,,,,,,,,,,,,,,,,,,,,,,,,,,,
At5g14740,,,,,,,,,,,,,,,,,,,,,,,,,,,,,,,,,,,,
At5g14760,GO:0009435,,,,,,,,,,,,,,,,,,,,,,,,,,,,,,,,,,,
At1g48920,GO:0000478,GO:0006364,GO:0010305,GO:0010588,GO:0042254,GO:0048364,GO:0048366,GO:0048367,GO:0080056,GO:0080057,,,,,,,,,,,,,,,,,,,,,,,,,,
At1g29720,,,,,,,,,,,,,,,,,,,,,,,,,,,,,,,,,,,,
At5g28020,,,,,,,,,,,,,,,,,,,,,,,,,,,,,,,,,,,,
At5g27930,,,,,,,,,,,,,,,,,,,,,,,,,,,,,,,,,,,,
At5g27395,,,,,,,,,,,,,,,,,,,,,,,,,,,,,,,,,,,,
At5g27360,,,,,,,,,,,,,,,,,,,,,,,,,,,,,,,,,,,,
At5g27380,GO:0006750,GO:0009753,,,,,,,,,,,,,,,,,,,,,,,,,,,,,,,,,,
At5g26600,,,,,,,,,,,,,,,,,,,,,,,,,,,,,,,,,,,,
At5g26200,,,,,,,,,,,,,,,,,,,,,,,,,,,,,,,,,,,,
At5g25900,GO:0009686,GO:0009740,GO:0010241,,,,,,,,,,,,,,,,,,,,,,,,,,,,,,,,,
At5g26220,GO:0010288,GO:0046686,,,,,,,,,,,,,,,,,,,,,,,,,,,,,,,,,,
At5g25280,,,,,,,,,,,,,,,,,,,,,,,,,,,,,,,,,,,,
At5g25110,GO:0050832,,,,,,,,,,,,,,,,,,,,,,,,,,,,,,,,,,,
At5g25210,,,,,,,,,,,,,,,,,,,,,,,,,,,,,,,,,,,,
At5g25190,GO:0009873,,,,,,,,,,,,,,,,,,,,,,,,,,,,,,,,,,,
At5g25070,,,,,,,,,,,,,,,,,,,,,,,,,,,,,,,,,,,,
At5g04880,,,,,,,,,,,,,,,,,,,,,,,,,,,,,,,,,,,,
At5g04830,,,,,,,,,,,,,,,,,,,,,,,,,,,,,,,,,,,,
At5g24800,GO:0071333,,,,,,,,,,,,,,,,,,,,,,,,,,,,,,,,,,,
At5g24840,,,,,,,,,,,,,,,,,,,,,,,,,,,,,,,,,,,,
At5g67200,,,,,,,,,,,,,,,,,,,,,,,,,,,,,,,,,,,,
At5g67580,GO:0009651,GO:0009723,GO:0009733,GO:0009737,GO:0009739,GO:0009751,GO:0009753,GO:0046686,,,,,,,,,,,,,,,,,,,,,,,,,,,,
At5g67480,GO:0009611,GO:0009651,GO:0009751,GO:0009753,GO:0042542,,,,,,,,,,,,,,,,,,,,,,,,,,,,,,,
At5g67030,GO:0009408,GO:0009414,GO:0009688,GO:0010114,GO:0010182,GO:0016123,,,,,,,,,,,,,,,,,,,,,,,,,,,,,,
At5g67210,GO:0009834,GO:0045492,,,,,,,,,,,,,,,,,,,,,,,,,,,,,,,,,,
At5g67150,,,,,,,,,,,,,,,,,,,,,,,,,,,,,,,,,,,,
At5g66880,GO:0006970,GO:0009414,GO:0009651,GO:0009737,GO:0009738,GO:0009739,GO:0010029,,,,,,,,,,,,,,,,,,,,,,,,,,,,,
At5g66680,GO:0009664,GO:0009826,GO:0018279,GO:0030244,,,,,,,,,,,,,,,,,,,,,,,,,,,,,,,,
At5g66380,,,,,,,,,,,,,,,,,,,,,,,,,,,,,,,,,,,,
At5g65830,,,,,,,,,,,,,,,,,,,,,,,,,,,,,,,,,,,,
At5g65280,,,,,,,,,,,,,,,,,,,,,,,,,,,,,,,,,,,,
At5g65470,,,,,,,,,,,,,,,,,,,,,,,,,,,,,,,,,,,,
At5g65480,,,,,,,,,,,,,,,,,,,,,,,,,,,,,,,,,,,,
At5g65210,GO:0042742,,,,,,,,,,,,,,,,,,,,,,,,,,,,,,,,,,,
At5g65040,,,,,,,,,,,,,,,,,,,,,,,,,,,,,,,,,,,,
At5g64920,GO:0016567,,,,,,,,,,,,,,,,,,,,,,,,,,,,,,,,,,,
At5g64620,GO:0043086,GO:0080167,,,,,,,,,,,,,,,,,,,,,,,,,,,,,,,,,,
At5g64240,,,,,,,,,,,,,,,,,,,,,,,,,,,,,,,,,,,,
At5g64280,,,,,,,,,,,,,,,,,,,,,,,,,,,,,,,,,,,,
At5g63910,GO:0009738,GO:0030327,GO:0045338,,,,,,,,,,,,,,,,,,,,,,,,,,,,,,,,,
At5g63980,,,,,,,,,,,,,,,,,,,,,,,,,,,,,,,,,,,,
At5g64040,,,,,,,,,,,,,,,,,,,,,,,,,,,,,,,,,,,,
At5g64170,,,,,,,,,,,,,,,,,,,,,,,,,,,,,,,,,,,,
At5g63800,GO:0009827,GO:0048354,,,,,,,,,,,,,,,,,,,,,,,,,,,,,,,,,,
At5g63260,,,,,,,,,,,,,,,,,,,,,,,,,,,,,,,,,,,,
At5g63290,,,,,,,,,,,,,,,,,,,,,,,,,,,,,,,,,,,,
At5g63190,,,,,,,,,,,,,,,,,,,,,,,,,,,,,,,,,,,,
At5g63180,,,,,,,,,,,,,,,,,,,,,,,,,,,,,,,,,,,,
At5g63380,GO:0009695,GO:0009850,GO:0009851,,,,,,,,,,,,,,,,,,,,,,,,,,,,,,,,,
At5g63410,,,,,,,,,,,,,,,,,,,,,,,,,,,,,,,,,,,,
At5g62530,GO:0006560,GO:0009651,GO:0010133,GO:0072593,,,,,,,,,,,,,,,,,,,,,,,,,,,,,,,,
At5g62350,,,,,,,,,,,,,,,,,,,,,,,,,,,,,,,,,,,,
At5g62430,GO:0006355,GO:0009658,GO:0045892,GO:0048510,,,,,,,,,,,,,,,,,,,,,,,,,,,,,,,,
At5g62440,GO:0009793,GO:0017126,GO:0051302,,,,,,,,,,,,,,,,,,,,,,,,,,,,,,,,,
At5g62210,GO:0080167,,,,,,,,,,,,,,,,,,,,,,,,,,,,,,,,,,,
At5g62130,,,,,,,,,,,,,,,,,,,,,,,,,,,,,,,,,,,,
At5g62220,GO:0009969,,,,,,,,,,,,,,,,,,,,,,,,,,,,,,,,,,,
At5g62360,,,,,,,,,,,,,,,,,,,,,,,,,,,,,,,,,,,,
At5g61820,,,,,,,,,,,,,,,,,,,,,,,,,,,,,,,,,,,,
At5g61810,GO:0015866,GO:0015867,GO:0035435,GO:0080121,,,,,,,,,,,,,,,,,,,,,,,,,,,,,,,,
At5g61440,,,,,,,,,,,,,,,,,,,,,,,,,,,,,,,,,,,,
At5g61380,GO:0006351,GO:0006355,GO:0007623,GO:0010031,GO:0010629,,,,,,,,,,,,,,,,,,,,,,,,,,,,,,,
At5g61560,,,,,,,,,,,,,,,,,,,,,,,,,,,,,,,,,,,,
At5g61580,GO:0006096,,,,,,,,,,,,,,,,,,,,,,,,,,,,,,,,,,,
At5g61590,GO:0009414,GO:0045893,GO:1904277,,,,,,,,,,,,,,,,,,,,,,,,,,,,,,,,,
At5g61370,,,,,,,,,,,,,,,,,,,,,,,,,,,,,,,,,,,,
At5g61190,,,,,,,,,,,,,,,,,,,,,,,,,,,,,,,,,,,,
At5g61030,GO:0009409,GO:0080156,,,,,,,,,,,,,,,,,,,,,,,,,,,,,,,,,,
At5g60890,GO:0000162,GO:0002213,GO:0009753,GO:0009759,GO:0010438,GO:0045893,,,,,,,,,,,,,,,,,,,,,,,,,,,,,,
At5g59730,,,,,,,,,,,,,,,,,,,,,,,,,,,,,,,,,,,,
At5g59750,,,,,,,,,,,,,,,,,,,,,,,,,,,,,,,,,,,,
At5g59830,,,,,,,,,,,,,,,,,,,,,,,,,,,,,,,,,,,,
At5g59480,,,,,,,,,,,,,,,,,,,,,,,,,,,,,,,,,,,,
At5g58960,GO:0009639,GO:0009959,,,,,,,,,,,,,,,,,,,,,,,,,,,,,,,,,,
At5g59010,,,,,,,,,,,,,,,,,,,,,,,,,,,,,,,,,,,,
At5g59080,GO:0006979,,,,,,,,,,,,,,,,,,,,,,,,,,,,,,,,,,,
At5g58700,,,,,,,,,,,,,,,,,,,,,,,,,,,,,,,,,,,,
At5g58800,,,,,,,,,,,,,,,,,,,,,,,,,,,,,,,,,,,,
At5g58600,GO:0009620,,,,,,,,,,,,,,,,,,,,,,,,,,,,,,,,,,,
At5g58710,GO:0048364,,,,,,,,,,,,,,,,,,,,,,,,,,,,,,,,,,,
At5g58570,,,,,,,,,,,,,,,,,,,,,,,,,,,,,,,,,,,,
At5g58260,GO:0009817,GO:0010258,,,,,,,,,,,,,,,,,,,,,,,,,,,,,,,,,,
At5g58575,,,,,,,,,,,,,,,,,,,,,,,,,,,,,,,,,,,,
At5g58130,GO:0016458,GO:0080111,,,,,,,,,,,,,,,,,,,,,,,,,,,,,,,,,,
At5g58070,,,,,,,,,,,,,,,,,,,,,,,,,,,,,,,,,,,,
At5g57900,,,,,,,,,,,,,,,,,,,,,,,,,,,,,,,,,,,,
At5g57410,,,,,,,,,,,,,,,,,,,,,,,,,,,,,,,,,,,,
At5g57660,GO:0006355,,,,,,,,,,,,,,,,,,,,,,,,,,,,,,,,,,,
At5g57110,GO:0009624,,,,,,,,,,,,,,,,,,,,,,,,,,,,,,,,,,,
At5g57100,,,,,,,,,,,,,,,,,,,,,,,,,,,,,,,,,,,,
At5g56360,GO:0042742,,,,,,,,,,,,,,,,,,,,,,,,,,,,,,,,,,,
At5g55960,,,,,,,,,,,,,,,,,,,,,,,,,,,,,,,,,,,,
At5g56030,GO:0009816,,,,,,,,,,,,,,,,,,,,,,,,,,,,,,,,,,,
At5g55790,,,,,,,,,,,,,,,,,,,,,,,,,,,,,,,,,,,,
At5g55120,GO:0009753,GO:0010193,GO:0019853,,,,,,,,,,,,,,,,,,,,,,,,,,,,,,,,,
At5g54540,,,,,,,,,,,,,,,,,,,,,,,,,,,,,,,,,,,,
At5g54960,GO:0001666,,,,,,,,,,,,,,,,,,,,,,,,,,,,,,,,,,,
At5g54970,,,,,,,,,,,,,,,,,,,,,,,,,,,,,,,,,,,,
At5g54470,GO:0006355,GO:0009409,GO:0009555,,,,,,,,,,,,,,,,,,,,,,,,,,,,,,,,,
At5g54660,,,,,,,,,,,,,,,,,,,,,,,,,,,,,,,,,,,,
At5g54630,GO:0006355,,,,,,,,,,,,,,,,,,,,,,,,,,,,,,,,,,,
At5g54060,GO:0009718,GO:0071368,GO:0071395,GO:1901038,,,,,,,,,,,,,,,,,,,,,,,,,,,,,,,,
At5g54130,,,,,,,,,,,,,,,,,,,,,,,,,,,,,,,,,,,,
At5g53970,GO:0010189,,,,,,,,,,,,,,,,,,,,,,,,,,,,,,,,,,,
At5g53900,,,,,,,,,,,,,,,,,,,,,,,,,,,,,,,,,,,,
At5g53200,GO:0006355,GO:0010091,,,,,,,,,,,,,,,,,,,,,,,,,,,,,,,,,,
At5g53120,,,,,,,,,,,,,,,,,,,,,,,,,,,,,,,,,,,,
At5g53360,,,,,,,,,,,,,,,,,,,,,,,,,,,,,,,,,,,,
At5g53400,GO:0006457,GO:0009408,GO:0009555,GO:0009735,GO:0009880,GO:0009965,GO:0010286,GO:0010450,GO:0032502,GO:0048448,GO:0048833,,,,,,,,,,,,,,,,,,,,,,,,,
At5g53280,GO:0010020,,,,,,,,,,,,,,,,,,,,,,,,,,,,,,,,,,,
At5g52950,,,,,,,,,,,,,,,,,,,,,,,,,,,,,,,,,,,,
At5g53020,,,,,,,,,,,,,,,,,,,,,,,,,,,,,,,,,,,,
At5g53160,GO:0009737,GO:0009738,GO:0009789,,,,,,,,,,,,,,,,,,,,,,,,,,,,,,,,,
At5g53170,GO:0009408,GO:0009644,GO:0010304,,,,,,,,,,,,,,,,,,,,,,,,,,,,,,,,,
At5g52570,GO:0016123,,,,,,,,,,,,,,,,,,,,,,,,,,,,,,,,,,,
At5g52310,GO:0006970,GO:0009409,GO:0009414,GO:0009651,GO:0009737,GO:0010150,GO:0042538,,,,,,,,,,,,,,,,,,,,,,,,,,,,,
At5g52520,GO:0009553,GO:0010109,GO:0048316,GO:0048481,,,,,,,,,,,,,,,,,,,,,,,,,,,,,,,,
At5g51840,,,,,,,,,,,,,,,,,,,,,,,,,,,,,,,,,,,,
At5g51970,,,,,,,,,,,,,,,,,,,,,,,,,,,,,,,,,,,,
At5g51560,,,,,,,,,,,,,,,,,,,,,,,,,,,,,,,,,,,,
At5g51400,,,,,,,,,,,,,,,,,,,,,,,,,,,,,,,,,,,,
At5g51140,,,,,,,,,,,,,,,,,,,,,,,,,,,,,,,,,,,,
At5g50720,GO:0009409,GO:0009414,GO:0009737,GO:0042538,,,,,,,,,,,,,,,,,,,,,,,,,,,,,,,,
At5g50400,,,,,,,,,,,,,,,,,,,,,,,,,,,,,,,,,,,,
At5g50315,,,,,,,,,,,,,,,,,,,,,,,,,,,,,,,,,,,,
At5g50100,,,,,,,,,,,,,,,,,,,,,,,,,,,,,,,,,,,,
At5g49970,,,,,,,,,,,,,,,,,,,,,,,,,,,,,,,,,,,,
At5g49710,,,,,,,,,,,,,,,,,,,,,,,,,,,,,,,,,,,,
At5g49280,,,,,,,,,,,,,,,,,,,,,,,,,,,,,,,,,,,,
At5g49330,GO:0051555,,,,,,,,,,,,,,,,,,,,,,,,,,,,,,,,,,,
At5g49480,GO:0042538,,,,,,,,,,,,,,,,,,,,,,,,,,,,,,,,,,,
At5g48880,,,,,,,,,,,,,,,,,,,,,,,,,,,,,,,,,,,,
At5g48930,GO:0009809,GO:0009963,GO:0010252,,,,,,,,,,,,,,,,,,,,,,,,,,,,,,,,,
At5g49120,,,,,,,,,,,,,,,,,,,,,,,,,,,,,,,,,,,,
At5g48850,GO:0006792,GO:0010438,,,,,,,,,,,,,,,,,,,,,,,,,,,,,,,,,,
At5g48250,,,,,,,,,,,,,,,,,,,,,,,,,,,,,,,,,,,,
At5g47540,,,,,,,,,,,,,,,,,,,,,,,,,,,,,,,,,,,,
At5g47630,,,,,,,,,,,,,,,,,,,,,,,,,,,,,,,,,,,,
At5g47610,,,,,,,,,,,,,,,,,,,,,,,,,,,,,,,,,,,,
At5g47550,,,,,,,,,,,,,,,,,,,,,,,,,,,,,,,,,,,,
At5g47650,GO:0006979,,,,,,,,,,,,,,,,,,,,,,,,,,,,,,,,,,,
At5g47710,,,,,,,,,,,,,,,,,,,,,,,,,,,,,,,,,,,,
At5g47390,GO:0000122,GO:0006355,GO:0009651,GO:0009723,GO:0009737,GO:0009739,GO:0009751,GO:0009753,GO:0030307,GO:0046686,GO:0048366,GO:2000469,,,,,,,,,,,,,,,,,,,,,,,,
At5g46920,,,,,,,,,,,,,,,,,,,,,,,,,,,,,,,,,,,,
At5g46690,GO:0006355,,,,,,,,,,,,,,,,,,,,,,,,,,,,,,,,,,,
At5g46710,,,,,,,,,,,,,,,,,,,,,,,,,,,,,,,,,,,,
At5g46150,,,,,,,,,,,,,,,,,,,,,,,,,,,,,,,,,,,,
At5g46110,,,,,,,,,,,,,,,,,,,,,,,,,,,,,,,,,,,,
At5g45750,GO:0042546,,,,,,,,,,,,,,,,,,,,,,,,,,,,,,,,,,,
At5g45340,GO:0009414,GO:0009639,GO:0046345,,,,,,,,,,,,,,,,,,,,,,,,,,,,,,,,,
At5g45280,,,,,,,,,,,,,,,,,,,,,,,,,,,,,,,,,,,,
At5g45310,,,,,,,,,,,,,,,,,,,,,,,,,,,,,,,,,,,,
At5g44680,,,,,,,,,,,,,,,,,,,,,,,,,,,,,,,,,,,,
At5g44670,GO:0042546,,,,,,,,,,,,,,,,,,,,,,,,,,,,,,,,,,,
At5g44110,GO:0010114,GO:0010218,,,,,,,,,,,,,,,,,,,,,,,,,,,,,,,,,,
At5g43960,,,,,,,,,,,,,,,,,,,,,,,,,,,,,,,,,,,,
At5g44010,,,,,,,,,,,,,,,,,,,,,,,,,,,,,,,,,,,,
At5g43810,GO:0010586,GO:0035019,GO:0051607,GO:1902183,,,,,,,,,,,,,,,,,,,,,,,,,,,,,,,,
At5g43850,,,,,,,,,,,,,,,,,,,,,,,,,,,,,,,,,,,,
At5g43450,,,,,,,,,,,,,,,,,,,,,,,,,,,,,,,,,,,,
At5g43150,,,,,,,,,,,,,,,,,,,,,,,,,,,,,,,,,,,,
At5g43280,GO:0009062,,,,,,,,,,,,,,,,,,,,,,,,,,,,,,,,,,,
At5g43460,,,,,,,,,,,,,,,,,,,,,,,,,,,,,,,,,,,,
At5g42900,GO:0009409,GO:0080167,,,,,,,,,,,,,,,,,,,,,,,,,,,,,,,,,,
At5g42890,GO:0006635,GO:0009735,GO:0009845,GO:0032365,GO:0046487,,,,,,,,,,,,,,,,,,,,,,,,,,,,,,,
At5g42990,,,,,,,,,,,,,,,,,,,,,,,,,,,,,,,,,,,,
At5g43060,GO:0009651,,,,,,,,,,,,,,,,,,,,,,,,,,,,,,,,,,,
At5g42750,GO:0010423,,,,,,,,,,,,,,,,,,,,,,,,,,,,,,,,,,,
At5g42760,,,,,,,,,,,,,,,,,,,,,,,,,,,,,,,,,,,,
At5g42570,,,,,,,,,,,,,,,,,,,,,,,,,,,,,,,,,,,,
At5g41670,GO:0009051,GO:0009744,GO:0009749,GO:0009750,GO:0046686,,,,,,,,,,,,,,,,,,,,,,,,,,,,,,,
At5g41920,GO:0006355,GO:0048366,GO:0090610,,,,,,,,,,,,,,,,,,,,,,,,,,,,,,,,,
At5g41940,,,,,,,,,,,,,,,,,,,,,,,,,,,,,,,,,,,,
At5g41060,,,,,,,,,,,,,,,,,,,,,,,,,,,,,,,,,,,,
At5g41460,,,,,,,,,,,,,,,,,,,,,,,,,,,,,,,,,,,,
At5g41190,GO:0000469,GO:0006364,GO:0009553,GO:0009555,,,,,,,,,,,,,,,,,,,,,,,,,,,,,,,,
At5g40910,,,,,,,,,,,,,,,,,,,,,,,,,,,,,,,,,,,,
At5g40890,GO:0006821,GO:0010167,GO:0015706,,,,,,,,,,,,,,,,,,,,,,,,,,,,,,,,,
At5g40500,,,,,,,,,,,,,,,,,,,,,,,,,,,,,,,,,,,,
At5g40450,,,,,,,,,,,,,,,,,,,,,,,,,,,,,,,,,,,,
At5g40250,,,,,,,,,,,,,,,,,,,,,,,,,,,,,,,,,,,,
At5g40390,GO:0006979,GO:0009414,GO:0009737,,,,,,,,,,,,,,,,,,,,,,,,,,,,,,,,,
At5g39410,,,,,,,,,,,,,,,,,,,,,,,,,,,,,,,,,,,,
At5g38895,,,,,,,,,,,,,,,,,,,,,,,,,,,,,,,,,,,,
At5g39030,,,,,,,,,,,,,,,,,,,,,,,,,,,,,,,,,,,,
At5g39080,,,,,,,,,,,,,,,,,,,,,,,,,,,,,,,,,,,,
At5g38560,,,,,,,,,,,,,,,,,,,,,,,,,,,,,,,,,,,,
At5g38140,,,,,,,,,,,,,,,,,,,,,,,,,,,,,,,,,,,,
At5g37670,GO:0000302,GO:0006457,GO:0009408,,,,,,,,,,,,,,,,,,,,,,,,,,,,,,,,,
At5g37780,,,,,,,,,,,,,,,,,,,,,,,,,,,,,,,,,,,,
At5g37550,,,,,,,,,,,,,,,,,,,,,,,,,,,,,,,,,,,,
At5g36890,GO:0071281,GO:0071369,GO:0071732,,,,,,,,,,,,,,,,,,,,,,,,,,,,,,,,,
At5g36910,,,,,,,,,,,,,,,,,,,,,,,,,,,,,,,,,,,,
At5g37055,GO:0009909,GO:0042742,GO:0048638,,,,,,,,,,,,,,,,,,,,,,,,,,,,,,,,,
At5g35970,,,,,,,,,,,,,,,,,,,,,,,,,,,,,,,,,,,,
At5g24430,GO:0046777,,,,,,,,,,,,,,,,,,,,,,,,,,,,,,,,,,,
At5g24470,,,,,,,,,,,,,,,,,,,,,,,,,,,,,,,,,,,,
At5g24490,,,,,,,,,,,,,,,,,,,,,,,,,,,,,,,,,,,,
At5g24120,GO:0006352,GO:0009658,GO:0010114,GO:0010207,GO:0010218,GO:0045893,GO:0071483,GO:2001141,,,,,,,,,,,,,,,,,,,,,,,,,,,,
At5g24260,,,,,,,,,,,,,,,,,,,,,,,,,,,,,,,,,,,,
At5g24300,GO:0010021,,,,,,,,,,,,,,,,,,,,,,,,,,,,,,,,,,,
At5g23730,GO:0009658,GO:0010224,GO:0043496,,,,,,,,,,,,,,,,,,,,,,,,,,,,,,,,,
At5g23920,,,,,,,,,,,,,,,,,,,,,,,,,,,,,,,,,,,,
At5g23760,,,,,,,,,,,,,,,,,,,,,,,,,,,,,,,,,,,,
At5g23460,,,,,,,,,,,,,,,,,,,,,,,,,,,,,,,,,,,,
At5g22920,GO:1902456,,,,,,,,,,,,,,,,,,,,,,,,,,,,,,,,,,,
At5g23020,GO:0009098,GO:0019761,,,,,,,,,,,,,,,,,,,,,,,,,,,,,,,,,,
At5g23050,,,,,,,,,,,,,,,,,,,,,,,,,,,,,,,,,,,,
At5g23130,,,,,,,,,,,,,,,,,,,,,,,,,,,,,,,,,,,,
At5g23060,GO:0009704,GO:0071277,GO:0090333,,,,,,,,,,,,,,,,,,,,,,,,,,,,,,,,,
At5g22620,,,,,,,,,,,,,,,,,,,,,,,,,,,,,,,,,,,,
At5g22650,GO:0009294,GO:0009944,GO:0010162,GO:0045892,,,,,,,,,,,,,,,,,,,,,,,,,,,,,,,,
At5g19140,,,,,,,,,,,,,,,,,,,,,,,,,,,,,,,,,,,,
At5g19120,,,,,,,,,,,,,,,,,,,,,,,,,,,,,,,,,,,,
At5g19280,,,,,,,,,,,,,,,,,,,,,,,,,,,,,,,,,,,,
At5g22300,GO:0019499,GO:0051410,,,,,,,,,,,,,,,,,,,,,,,,,,,,,,,,,,
At5g19010,,,,,,,,,,,,,,,,,,,,,,,,,,,,,,,,,,,,
At5g18600,,,,,,,,,,,,,,,,,,,,,,,,,,,,,,,,,,,,
At5g18650,GO:0016567,GO:1900425,GO:1901485,,,,,,,,,,,,,,,,,,,,,,,,,,,,,,,,,
At5g18630,,,,,,,,,,,,,,,,,,,,,,,,,,,,,,,,,,,,
At5g18140,,,,,,,,,,,,,,,,,,,,,,,,,,,,,,,,,,,,
At5g18170,GO:0006807,GO:0009646,GO:0009651,GO:0046686,,,,,,,,,,,,,,,,,,,,,,,,,,,,,,,,
At5g18230,,,,,,,,,,,,,,,,,,,,,,,,,,,,,,,,,,,,
At5g17190,,,,,,,,,,,,,,,,,,,,,,,,,,,,,,,,,,,,
At5g17300,GO:0006355,GO:0007623,GO:0009734,GO:0009851,GO:0010600,,,,,,,,,,,,,,,,,,,,,,,,,,,,,,,
At5g16400,GO:0009642,GO:0043085,GO:0045454,,,,,,,,,,,,,,,,,,,,,,,,,,,,,,,,,
At5g16505,,,,,,,,,,,,,,,,,,,,,,,,,,,,,,,,,,,,
At5g14640,GO:0006972,GO:0009651,GO:0046777,,,,,,,,,,,,,,,,,,,,,,,,,,,,,,,,,
At5g14700,,,,,,,,,,,,,,,,,,,,,,,,,,,,,,,,,,,,
At5g14570,GO:0015706,,,,,,,,,,,,,,,,,,,,,,,,,,,,,,,,,,,
At5g15120,GO:0001666,GO:0009061,GO:0018171,GO:0070483,,,,,,,,,,,,,,,,,,,,,,,,,,,,,,,,
At5g14390,,,,,,,,,,,,,,,,,,,,,,,,,,,,,,,,,,,,
At5g14430,,,,,,,,,,,,,,,,,,,,,,,,,,,,,,,,,,,,
At5g14540,,,,,,,,,,,,,,,,,,,,,,,,,,,,,,,,,,,,
At5g14550,,,,,,,,,,,,,,,,,,,,,,,,,,,,,,,,,,,,
At5g13930,GO:0006979,GO:0009611,GO:0009629,GO:0009733,GO:0009753,GO:0009813,GO:0009926,GO:0010224,GO:0031540,,,,,,,,,,,,,,,,,,,,,,,,,,,
At5g14120,,,,,,,,,,,,,,,,,,,,,,,,,,,,,,,,,,,,
At5g14050,,,,,,,,,,,,,,,,,,,,,,,,,,,,,,,,,,,,
At5g13750,GO:0009414,GO:0009630,GO:0010540,GO:0048364,GO:0080167,GO:0090333,,,,,,,,,,,,,,,,,,,,,,,,,,,,,,
At5g13640,GO:0019432,,,,,,,,,,,,,,,,,,,,,,,,,,,,,,,,,,,
At5g13710,GO:0009793,GO:0016126,,,,,,,,,,,,,,,,,,,,,,,,,,,,,,,,,,
At5g13730,GO:0006352,GO:0071482,GO:2001141,,,,,,,,,,,,,,,,,,,,,,,,,,,,,,,,,
At5g13770,GO:0009658,,,,,,,,,,,,,,,,,,,,,,,,,,,,,,,,,,,
At5g12140,GO:0009611,GO:0034605,GO:0042631,GO:0070417,,,,,,,,,,,,,,,,,,,,,,,,,,,,,,,,
At5g12250,GO:0009409,GO:0009651,,,,,,,,,,,,,,,,,,,,,,,,,,,,,,,,,,
At5g12050,GO:0007623,,,,,,,,,,,,,,,,,,,,,,,,,,,,,,,,,,,
At5g11680,,,,,,,,,,,,,,,,,,,,,,,,,,,,,,,,,,,,
At5g11650,,,,,,,,,,,,,,,,,,,,,,,,,,,,,,,,,,,,
At5g11740,,,,,,,,,,,,,,,,,,,,,,,,,,,,,,,,,,,,
At5g11610,,,,,,,,,,,,,,,,,,,,,,,,,,,,,,,,,,,,
At5g10870,GO:0009073,,,,,,,,,,,,,,,,,,,,,,,,,,,,,,,,,,,
At5g11150,GO:0009651,,,,,,,,,,,,,,,,,,,,,,,,,,,,,,,,,,,
At5g11240,,,,,,,,,,,,,,,,,,,,,,,,,,,,,,,,,,,,
At5g11260,GO:0009737,GO:0009740,GO:0010017,GO:0010099,GO:0010114,GO:0010218,GO:0010224,GO:0031539,GO:0042753,GO:0080167,,,,,,,,,,,,,,,,,,,,,,,,,,
At5g10550,,,,,,,,,,,,,,,,,,,,,,,,,,,,,,,,,,,,
At5g10450,,,,,,,,,,,,,,,,,,,,,,,,,,,,,,,,,,,,
At5g10770,,,,,,,,,,,,,,,,,,,,,,,,,,,,,,,,,,,,
At5g09590,GO:0009408,GO:0009615,GO:0009651,GO:0046686,,,,,,,,,,,,,,,,,,,,,,,,,,,,,,,,
At5g08520,GO:0006355,,,,,,,,,,,,,,,,,,,,,,,,,,,,,,,,,,,
At5g08570,,,,,,,,,,,,,,,,,,,,,,,,,,,,,,,,,,,,
At5g08640,GO:0009733,GO:0009813,GO:0080167,,,,,,,,,,,,,,,,,,,,,,,,,,,,,,,,,
At5g08100,,,,,,,,,,,,,,,,,,,,,,,,,,,,,,,,,,,,
At5g07860,,,,,,,,,,,,,,,,,,,,,,,,,,,,,,,,,,,,
At5g07440,GO:0009651,GO:0046686,,,,,,,,,,,,,,,,,,,,,,,,,,,,,,,,,,
At5g07580,,,,,,,,,,,,,,,,,,,,,,,,,,,,,,,,,,,,
At5g07690,GO:0006355,GO:0009414,GO:0009611,GO:0009617,GO:0009625,GO:0009682,GO:0009739,GO:0009751,GO:0009753,GO:0010438,GO:0010439,GO:0050832,,,,,,,,,,,,,,,,,,,,,,,,
At5g07250,,,,,,,,,,,,,,,,,,,,,,,,,,,,,,,,,,,,
At5g06690,,,,,,,,,,,,,,,,,,,,,,,,,,,,,,,,,,,,
At5g07010,GO:0009694,GO:0009753,,,,,,,,,,,,,,,,,,,,,,,,,,,,,,,,,,
At5g06980,,,,,,,,,,,,,,,,,,,,,,,,,,,,,,,,,,,,
At5g06530,GO:0009414,GO:0010148,,,,,,,,,,,,,,,,,,,,,,,,,,,,,,,,,,
At5g06560,,,,,,,,,,,,,,,,,,,,,,,,,,,,,,,,,,,,
At5g05690,GO:0009911,GO:0010224,GO:0010268,GO:0010584,GO:0016132,GO:0048657,,,,,,,,,,,,,,,,,,,,,,,,,,,,,,
At5g06000,,,,,,,,,,,,,,,,,,,,,,,,,,,,,,,,,,,,
At5g05410,GO:0009408,GO:0009414,GO:0010224,GO:0010286,GO:0042542,,,,,,,,,,,,,,,,,,,,,,,,,,,,,,,
At5g05480,,,,,,,,,,,,,,,,,,,,,,,,,,,,,,,,,,,,
At5g05270,GO:0080167,,,,,,,,,,,,,,,,,,,,,,,,,,,,,,,,,,,
At5g05100,,,,,,,,,,,,,,,,,,,,,,,,,,,,,,,,,,,,
At5g05200,,,,,,,,,,,,,,,,,,,,,,,,,,,,,,,,,,,,
At5g04910,,,,,,,,,,,,,,,,,,,,,,,,,,,,,,,,,,,,
At5g04490,GO:0010189,,,,,,,,,,,,,,,,,,,,,,,,,,,,,,,,,,,
At5g04040,GO:0019433,,,,,,,,,,,,,,,,,,,,,,,,,,,,,,,,,,,
At5g03760,GO:0009294,GO:0009617,,,,,,,,,,,,,,,,,,,,,,,,,,,,,,,,,,
At5g03555,GO:0043100,,,,,,,,,,,,,,,,,,,,,,,,,,,,,,,,,,,
At5g03230,,,,,,,,,,,,,,,,,,,,,,,,,,,,,,,,,,,,
At5g02820,GO:0009957,,,,,,,,,,,,,,,,,,,,,,,,,,,,,,,,,,,
At5g02550,,,,,,,,,,,,,,,,,,,,,,,,,,,,,,,,,,,,
At5g02560,,,,,,,,,,,,,,,,,,,,,,,,,,,,,,,,,,,,
At5g02270,,,,,,,,,,,,,,,,,,,,,,,,,,,,,,,,,,,,
At5g02230,,,,,,,,,,,,,,,,,,,,,,,,,,,,,,,,,,,,
At5g02050,,,,,,,,,,,,,,,,,,,,,,,,,,,,,,,,,,,,
At5g02310,GO:0006511,GO:0006723,GO:0009737,GO:0010025,GO:0010029,GO:0050994,,,,,,,,,,,,,,,,,,,,,,,,,,,,,,
At5g01790,,,,,,,,,,,,,,,,,,,,,,,,,,,,,,,,,,,,
At5g01810,GO:0009738,GO:0009788,,,,,,,,,,,,,,,,,,,,,,,,,,,,,,,,,,
At5g01880,,,,,,,,,,,,,,,,,,,,,,,,,,,,,,,,,,,,
At5g01750,,,,,,,,,,,,,,,,,,,,,,,,,,,,,,,,,,,,
At5g01520,,,,,,,,,,,,,,,,,,,,,,,,,,,,,,,,,,,,
At5g01340,GO:0015744,,,,,,,,,,,,,,,,,,,,,,,,,,,,,,,,,,,
At5g01500,GO:0010117,GO:0010206,,,,,,,,,,,,,,,,,,,,,,,,,,,,,,,,,,
At5g01260,,,,,,,,,,,,,,,,,,,,,,,,,,,,,,,,,,,,
At5g01020,,,,,,,,,,,,,,,,,,,,,,,,,,,,,,,,,,,,
At3g63150,GO:0009737,,,,,,,,,,,,,,,,,,,,,,,,,,,,,,,,,,,
At3g63210,,,,,,,,,,,,,,,,,,,,,,,,,,,,,,,,,,,,
At3g63200,,,,,,,,,,,,,,,,,,,,,,,,,,,,,,,,,,,,
At3g62650,,,,,,,,,,,,,,,,,,,,,,,,,,,,,,,,,,,,
At3g62930,,,,,,,,,,,,,,,,,,,,,,,,,,,,,,,,,,,,
At3g62410,GO:0009416,GO:0009744,GO:0018316,GO:0019253,GO:0034605,GO:0070417,GO:0071454,GO:0080153,,,,,,,,,,,,,,,,,,,,,,,,,,,,
At3g62700,,,,,,,,,,,,,,,,,,,,,,,,,,,,,,,,,,,,
At3g62300,,,,,,,,,,,,,,,,,,,,,,,,,,,,,,,,,,,,
At3g62370,,,,,,,,,,,,,,,,,,,,,,,,,,,,,,,,,,,,
At3g61890,GO:0006970,GO:0009414,GO:0009615,GO:0009737,GO:0045893,,,,,,,,,,,,,,,,,,,,,,,,,,,,,,,
At3g61220,,,,,,,,,,,,,,,,,,,,,,,,,,,,,,,,,,,,
At3g61460,GO:0009741,GO:0010200,,,,,,,,,,,,,,,,,,,,,,,,,,,,,,,,,,
At3g61440,GO:0006955,GO:0019344,GO:0019499,GO:0019500,GO:0051410,GO:0080147,,,,,,,,,,,,,,,,,,,,,,,,,,,,,,
At3g61580,GO:0006629,GO:0030148,GO:0070417,,,,,,,,,,,,,,,,,,,,,,,,,,,,,,,,,
At3g61430,GO:0006833,GO:0009414,,,,,,,,,,,,,,,,,,,,,,,,,,,,,,,,,,
At3g61590,GO:0048513,,,,,,,,,,,,,,,,,,,,,,,,,,,,,,,,,,,
At3g60690,,,,,,,,,,,,,,,,,,,,,,,,,,,,,,,,,,,,
At3g61160,,,,,,,,,,,,,,,,,,,,,,,,,,,,,,,,,,,,
At3g61210,,,,,,,,,,,,,,,,,,,,,,,,,,,,,,,,,,,,
At3g60910,,,,,,,,,,,,,,,,,,,,,,,,,,,,,,,,,,,,
At3g60300,,,,,,,,,,,,,,,,,,,,,,,,,,,,,,,,,,,,
At3g60380,,,,,,,,,,,,,,,,,,,,,,,,,,,,,,,,,,,,
At3g60130,,,,,,,,,,,,,,,,,,,,,,,,,,,,,,,,,,,,
At3g59820,,,,,,,,,,,,,,,,,,,,,,,,,,,,,,,,,,,,
At3g59940,GO:0080037,GO:2000762,,,,,,,,,,,,,,,,,,,,,,,,,,,,,,,,,,
At3g59140,,,,,,,,,,,,,,,,,,,,,,,,,,,,,,,,,,,,
At3g59010,,,,,,,,,,,,,,,,,,,,,,,,,,,,,,,,,,,,
At3g58990,GO:0019761,,,,,,,,,,,,,,,,,,,,,,,,,,,,,,,,,,,
At3g58540,,,,,,,,,,,,,,,,,,,,,,,,,,,,,,,,,,,,
At3g58660,,,,,,,,,,,,,,,,,,,,,,,,,,,,,,,,,,,,
At3g58750,GO:0006635,,,,,,,,,,,,,,,,,,,,,,,,,,,,,,,,,,,
At3g58830,,,,,,,,,,,,,,,,,,,,,,,,,,,,,,,,,,,,
At3g58070,GO:0006355,GO:0009739,GO:0010026,GO:0010091,,,,,,,,,,,,,,,,,,,,,,,,,,,,,,,,
At3g57410,GO:0051014,GO:0051017,,,,,,,,,,,,,,,,,,,,,,,,,,,,,,,,,,
At3g57790,,,,,,,,,,,,,,,,,,,,,,,,,,,,,,,,,,,,
At3g57330,GO:0042742,GO:0043069,GO:0055081,,,,,,,,,,,,,,,,,,,,,,,,,,,,,,,,,
At3g57360,,,,,,,,,,,,,,,,,,,,,,,,,,,,,,,,,,,,
At3g57020,,,,,,,,,,,,,,,,,,,,,,,,,,,,,,,,,,,,
At3g57150,,,,,,,,,,,,,,,,,,,,,,,,,,,,,,,,,,,,
At3g57010,,,,,,,,,,,,,,,,,,,,,,,,,,,,,,,,,,,,
At3g56360,,,,,,,,,,,,,,,,,,,,,,,,,,,,,,,,,,,,
At3g56260,,,,,,,,,,,,,,,,,,,,,,,,,,,,,,,,,,,,
At3g56290,GO:0009658,GO:0045893,,,,,,,,,,,,,,,,,,,,,,,,,,,,,,,,,,
At3g56090,GO:0000302,GO:0006826,GO:0009908,GO:0010039,GO:0015979,GO:0048366,GO:0055072,,,,,,,,,,,,,,,,,,,,,,,,,,,,,
At3g56150,,,,,,,,,,,,,,,,,,,,,,,,,,,,,,,,,,,,
At3g56070,GO:0046686,,,,,,,,,,,,,,,,,,,,,,,,,,,,,,,,,,,
At3g55760,,,,,,,,,,,,,,,,,,,,,,,,,,,,,,,,,,,,
At3g55630,,,,,,,,,,,,,,,,,,,,,,,,,,,,,,,,,,,,
At3g55960,GO:0007623,,,,,,,,,,,,,,,,,,,,,,,,,,,,,,,,,,,
At3g55260,,,,,,,,,,,,,,,,,,,,,,,,,,,,,,,,,,,,
At3g55280,GO:0006979,GO:0009409,GO:0009644,,,,,,,,,,,,,,,,,,,,,,,,,,,,,,,,,
At3g55130,GO:0007034,GO:0042891,,,,,,,,,,,,,,,,,,,,,,,,,,,,,,,,,,
At3g55410,,,,,,,,,,,,,,,,,,,,,,,,,,,,,,,,,,,,
At3g55580,GO:0009631,GO:0071497,GO:1901141,,,,,,,,,,,,,,,,,,,,,,,,,,,,,,,,,
At3g55560,GO:0045824,,,,,,,,,,,,,,,,,,,,,,,,,,,,,,,,,,,
At3g55110,,,,,,,,,,,,,,,,,,,,,,,,,,,,,,,,,,,,
At3g55120,GO:0009411,GO:0009733,GO:0009813,GO:0010224,GO:0080167,,,,,,,,,,,,,,,,,,,,,,,,,,,,,,,
At3g55010,,,,,,,,,,,,,,,,,,,,,,,,,,,,,,,,,,,,
At3g54690,,,,,,,,,,,,,,,,,,,,,,,,,,,,,,,,,,,,
At3g54140,GO:0006807,GO:0042938,GO:0042939,,,,,,,,,,,,,,,,,,,,,,,,,,,,,,,,,
At3g53800,,,,,,,,,,,,,,,,,,,,,,,,,,,,,,,,,,,,
At3g54030,,,,,,,,,,,,,,,,,,,,,,,,,,,,,,,,,,,,
At3g53990,GO:0006979,GO:0009408,GO:0009409,GO:0061077,,,,,,,,,,,,,,,,,,,,,,,,,,,,,,,,
At3g53470,,,,,,,,,,,,,,,,,,,,,,,,,,,,,,,,,,,,
At3g53260,GO:0006979,GO:0009699,GO:0080167,,,,,,,,,,,,,,,,,,,,,,,,,,,,,,,,,
At3g52890,,,,,,,,,,,,,,,,,,,,,,,,,,,,,,,,,,,,
At3g52740,GO:0080167,,,,,,,,,,,,,,,,,,,,,,,,,,,,,,,,,,,
At3g52720,,,,,,,,,,,,,,,,,,,,,,,,,,,,,,,,,,,,
At3g52920,,,,,,,,,,,,,,,,,,,,,,,,,,,,,,,,,,,,
At3g52070,,,,,,,,,,,,,,,,,,,,,,,,,,,,,,,,,,,,
At3g51920,GO:0009414,GO:0009651,GO:0009737,GO:0019722,,,,,,,,,,,,,,,,,,,,,,,,,,,,,,,,
At3g52500,,,,,,,,,,,,,,,,,,,,,,,,,,,,,,,,,,,,
At3g51730,,,,,,,,,,,,,,,,,,,,,,,,,,,,,,,,,,,,
At3g51420,GO:0009611,GO:0009753,,,,,,,,,,,,,,,,,,,,,,,,,,,,,,,,,,
At3g51000,,,,,,,,,,,,,,,,,,,,,,,,,,,,,,,,,,,,
At3g50970,GO:0009409,GO:0009414,GO:0009631,GO:0009737,GO:0050832,,,,,,,,,,,,,,,,,,,,,,,,,,,,,,,
At3g50820,GO:0010205,GO:0010207,GO:0035304,GO:0042549,,,,,,,,,,,,,,,,,,,,,,,,,,,,,,,,
At3g50790,,,,,,,,,,,,,,,,,,,,,,,,,,,,,,,,,,,,
At3g51270,,,,,,,,,,,,,,,,,,,,,,,,,,,,,,,,,,,,
At3g50440,,,,,,,,,,,,,,,,,,,,,,,,,,,,,,,,,,,,
At3g50750,GO:0006355,,,,,,,,,,,,,,,,,,,,,,,,,,,,,,,,,,,
At3g50760,,,,,,,,,,,,,,,,,,,,,,,,,,,,,,,,,,,,
At3g50685,,,,,,,,,,,,,,,,,,,,,,,,,,,,,,,,,,,,
At3g50740,GO:0009808,,,,,,,,,,,,,,,,,,,,,,,,,,,,,,,,,,,
At3g50270,,,,,,,,,,,,,,,,,,,,,,,,,,,,,,,,,,,,
At3g50280,,,,,,,,,,,,,,,,,,,,,,,,,,,,,,,,,,,,
At3g50210,,,,,,,,,,,,,,,,,,,,,,,,,,,,,,,,,,,,
At3g49880,,,,,,,,,,,,,,,,,,,,,,,,,,,,,,,,,,,,
At3g49990,,,,,,,,,,,,,,,,,,,,,,,,,,,,,,,,,,,,
At3g49790,,,,,,,,,,,,,,,,,,,,,,,,,,,,,,,,,,,,
At3g49590,,,,,,,,,,,,,,,,,,,,,,,,,,,,,,,,,,,,
At3g49580,,,,,,,,,,,,,,,,,,,,,,,,,,,,,,,,,,,,
At3g49240,GO:0009793,,,,,,,,,,,,,,,,,,,,,,,,,,,,,,,,,,,
At3g48720,GO:0010143,GO:0033494,,,,,,,,,,,,,,,,,,,,,,,,,,,,,,,,,,
At3g48550,,,,,,,,,,,,,,,,,,,,,,,,,,,,,,,,,,,,
At3g48250,GO:0008380,,,,,,,,,,,,,,,,,,,,,,,,,,,,,,,,,,,
At3g48360,GO:0006355,GO:0007623,GO:0009409,GO:0009553,GO:0009555,GO:0009611,GO:0009651,GO:0009733,GO:0009734,GO:0009737,GO:0009738,GO:0009743,GO:0009751,GO:0009753,GO:0010167,GO:0010182,GO:0042542,GO:0051973,,,,,,,,,,,,,,,,,,
At3g47833,,,,,,,,,,,,,,,,,,,,,,,,,,,,,,,,,,,,
At3g47600,GO:0006355,GO:0009651,GO:0009723,GO:0009733,GO:0009737,GO:0009751,GO:0009753,GO:0046686,GO:0080167,,,,,,,,,,,,,,,,,,,,,,,,,,,
At3g47295,,,,,,,,,,,,,,,,,,,,,,,,,,,,,,,,,,,,
At3g47420,GO:0055062,,,,,,,,,,,,,,,,,,,,,,,,,,,,,,,,,,,
At3g47490,,,,,,,,,,,,,,,,,,,,,,,,,,,,,,,,,,,,
At3g47510,,,,,,,,,,,,,,,,,,,,,,,,,,,,,,,,,,,,
At3g47620,GO:0006355,GO:0008283,GO:0009735,GO:0009737,GO:0009739,GO:0010029,GO:0010229,GO:0031347,,,,,,,,,,,,,,,,,,,,,,,,,,,,
At3g47500,GO:0006355,GO:0048510,,,,,,,,,,,,,,,,,,,,,,,,,,,,,,,,,,
At3g47560,,,,,,,,,,,,,,,,,,,,,,,,,,,,,,,,,,,,
At3g46940,GO:0006281,,,,,,,,,,,,,,,,,,,,,,,,,,,,,,,,,,,
At3g47000,,,,,,,,,,,,,,,,,,,,,,,,,,,,,,,,,,,,
At3g47250,,,,,,,,,,,,,,,,,,,,,,,,,,,,,,,,,,,,
At3g47160,,,,,,,,,,,,,,,,,,,,,,,,,,,,,,,,,,,,
At3g47080,,,,,,,,,,,,,,,,,,,,,,,,,,,,,,,,,,,,
At3g46970,GO:0009414,GO:0046686,,,,,,,,,,,,,,,,,,,,,,,,,,,,,,,,,,
At3g46530,GO:0009626,GO:0009814,,,,,,,,,,,,,,,,,,,,,,,,,,,,,,,,,,
At3g46880,,,,,,,,,,,,,,,,,,,,,,,,,,,,,,,,,,,,
At3g46900,,,,,,,,,,,,,,,,,,,,,,,,,,,,,,,,,,,,
At3g46590,GO:0009723,GO:0009737,GO:0009739,GO:0009751,GO:0009753,GO:0046686,,,,,,,,,,,,,,,,,,,,,,,,,,,,,,
At3g46460,GO:0006511,,,,,,,,,,,,,,,,,,,,,,,,,,,,,,,,,,,
At3g45970,,,,,,,,,,,,,,,,,,,,,,,,,,,,,,,,,,,,
At3g45260,GO:0006355,,,,,,,,,,,,,,,,,,,,,,,,,,,,,,,,,,,
At3g45600,,,,,,,,,,,,,,,,,,,,,,,,,,,,,,,,,,,,
At3g45230,,,,,,,,,,,,,,,,,,,,,,,,,,,,,,,,,,,,
At3g45310,,,,,,,,,,,,,,,,,,,,,,,,,,,,,,,,,,,,
At3g44750,GO:0009294,GO:0009944,GO:0010162,,,,,,,,,,,,,,,,,,,,,,,,,,,,,,,,,
At3g44450,GO:0080167,,,,,,,,,,,,,,,,,,,,,,,,,,,,,,,,,,,
At3g44100,,,,,,,,,,,,,,,,,,,,,,,,,,,,,,,,,,,,
At3g43670,,,,,,,,,,,,,,,,,,,,,,,,,,,,,,,,,,,,
At4g40060,GO:0009637,GO:0030308,GO:0045893,GO:0048510,GO:0048573,,,,,,,,,,,,,,,,,,,,,,,,,,,,,,,
At4g39980,GO:0009073,GO:0009423,GO:0009611,,,,,,,,,,,,,,,,,,,,,,,,,,,,,,,,,
At4g39910,,,,,,,,,,,,,,,,,,,,,,,,,,,,,,,,,,,,
At4g39780,,,,,,,,,,,,,,,,,,,,,,,,,,,,,,,,,,,,
At4g39800,GO:0006021,GO:0006659,GO:0009791,GO:0009793,GO:0010264,,,,,,,,,,,,,,,,,,,,,,,,,,,,,,,
At4g39730,,,,,,,,,,,,,,,,,,,,,,,,,,,,,,,,,,,,
At4g39260,GO:0000380,GO:0009409,GO:0009651,GO:0009735,GO:0009737,GO:0010043,GO:0045087,,,,,,,,,,,,,,,,,,,,,,,,,,,,,
At4g39210,GO:0019252,,,,,,,,,,,,,,,,,,,,,,,,,,,,,,,,,,,
At4g39510,,,,,,,,,,,,,,,,,,,,,,,,,,,,,,,,,,,,
At4g38810,,,,,,,,,,,,,,,,,,,,,,,,,,,,,,,,,,,,
At4g38960,GO:0010100,,,,,,,,,,,,,,,,,,,,,,,,,,,,,,,,,,,
At4g39090,GO:0006970,GO:0009651,GO:0042742,,,,,,,,,,,,,,,,,,,,,,,,,,,,,,,,,
At4g39330,GO:0009735,GO:0009809,,,,,,,,,,,,,,,,,,,,,,,,,,,,,,,,,,
At4g38690,,,,,,,,,,,,,,,,,,,,,,,,,,,,,,,,,,,,
At4g38700,,,,,,,,,,,,,,,,,,,,,,,,,,,,,,,,,,,,
At4g38580,GO:0010286,,,,,,,,,,,,,,,,,,,,,,,,,,,,,,,,,,,
At4g38840,GO:0009409,,,,,,,,,,,,,,,,,,,,,,,,,,,,,,,,,,,
At4g38800,GO:0000003,GO:0001944,GO:0019509,,,,,,,,,,,,,,,,,,,,,,,,,,,,,,,,,
At4g38470,GO:0009658,,,,,,,,,,,,,,,,,,,,,,,,,,,,,,,,,,,
At4g38400,,,,,,,,,,,,,,,,,,,,,,,,,,,,,,,,,,,,
At4g37970,GO:0009809,,,,,,,,,,,,,,,,,,,,,,,,,,,,,,,,,,,
At4g37760,GO:0009611,GO:0009753,GO:0016126,,,,,,,,,,,,,,,,,,,,,,,,,,,,,,,,,
At4g37800,,,,,,,,,,,,,,,,,,,,,,,,,,,,,,,,,,,,
At4g37550,,,,,,,,,,,,,,,,,,,,,,,,,,,,,,,,,,,,
At4g37310,,,,,,,,,,,,,,,,,,,,,,,,,,,,,,,,,,,,
At4g37470,GO:0009640,GO:0009704,GO:0080167,,,,,,,,,,,,,,,,,,,,,,,,,,,,,,,,,
At4g37610,GO:0006355,GO:0009409,GO:0009733,GO:0009751,GO:0010200,GO:0042542,,,,,,,,,,,,,,,,,,,,,,,,,,,,,,
At4g37590,GO:0009908,GO:0009958,,,,,,,,,,,,,,,,,,,,,,,,,,,,,,,,,,
At4g36110,,,,,,,,,,,,,,,,,,,,,,,,,,,,,,,,,,,,
At4g36010,,,,,,,,,,,,,,,,,,,,,,,,,,,,,,,,,,,,
At4g35560,,,,,,,,,,,,,,,,,,,,,,,,,,,,,,,,,,,,
At4g35780,GO:0009658,,,,,,,,,,,,,,,,,,,,,,,,,,,,,,,,,,,
At4g35770,,,,,,,,,,,,,,,,,,,,,,,,,,,,,,,,,,,,
At4g35630,GO:0006564,GO:0009735,,,,,,,,,,,,,,,,,,,,,,,,,,,,,,,,,,
At4g35320,,,,,,,,,,,,,,,,,,,,,,,,,,,,,,,,,,,,
At4g35040,GO:0010043,,,,,,,,,,,,,,,,,,,,,,,,,,,,,,,,,,,
At4g35060,,,,,,,,,,,,,,,,,,,,,,,,,,,,,,,,,,,,
At4g35300,,,,,,,,,,,,,,,,,,,,,,,,,,,,,,,,,,,,
At4g35260,GO:0006099,GO:0006102,,,,,,,,,,,,,,,,,,,,,,,,,,,,,,,,,,
At4g34770,,,,,,,,,,,,,,,,,,,,,,,,,,,,,,,,,,,,
At4g34990,GO:0009651,GO:0009723,GO:0009737,GO:0009751,GO:0009753,GO:0046686,,,,,,,,,,,,,,,,,,,,,,,,,,,,,,
At4g35020,GO:0009958,GO:0010928,,,,,,,,,,,,,,,,,,,,,,,,,,,,,,,,,,
At4g34630,,,,,,,,,,,,,,,,,,,,,,,,,,,,,,,,,,,,
At4g34240,GO:0009414,GO:0009737,,,,,,,,,,,,,,,,,,,,,,,,,,,,,,,,,,
At4g34650,,,,,,,,,,,,,,,,,,,,,,,,,,,,,,,,,,,,
At4g33950,GO:0005985,GO:0006636,GO:0006970,GO:0009414,GO:0009651,GO:0009737,GO:0009738,GO:0010118,GO:0010119,GO:0010359,GO:0019432,GO:0040007,GO:0042742,GO:0046777,GO:0048366,GO:1902456,GO:2000377,,,,,,,,,,,,,,,,,,,
At4g34100,GO:0008299,GO:0009414,GO:0010025,GO:0010143,GO:0010345,GO:0042335,GO:1900490,,,,,,,,,,,,,,,,,,,,,,,,,,,,,
At4g34200,GO:0009555,GO:0009561,GO:0009793,,,,,,,,,,,,,,,,,,,,,,,,,,,,,,,,,
At4g33666,,,,,,,,,,,,,,,,,,,,,,,,,,,,,,,,,,,,
At4g33630,GO:0010343,,,,,,,,,,,,,,,,,,,,,,,,,,,,,,,,,,,
At4g33960,,,,,,,,,,,,,,,,,,,,,,,,,,,,,,,,,,,,
At4g33980,,,,,,,,,,,,,,,,,,,,,,,,,,,,,,,,,,,,
At4g33940,,,,,,,,,,,,,,,,,,,,,,,,,,,,,,,,,,,,
At4g33510,,,,,,,,,,,,,,,,,,,,,,,,,,,,,,,,,,,,
At4g33220,GO:0050829,,,,,,,,,,,,,,,,,,,,,,,,,,,,,,,,,,,
At4g32690,GO:0001666,GO:0009733,GO:0015671,,,,,,,,,,,,,,,,,,,,,,,,,,,,,,,,,
At4g32980,GO:0008285,GO:0009640,GO:0010227,GO:0010228,GO:0010371,GO:0090470,,,,,,,,,,,,,,,,,,,,,,,,,,,,,,
At4g32280,GO:0009733,GO:0010114,GO:0010218,,,,,,,,,,,,,,,,,,,,,,,,,,,,,,,,,
At4g32190,,,,,,,,,,,,,,,,,,,,,,,,,,,,,,,,,,,,
At4g32520,,,,,,,,,,,,,,,,,,,,,,,,,,,,,,,,,,,,
At4g32150,GO:0009651,GO:0009737,GO:0010118,GO:0046909,GO:0061025,,,,,,,,,,,,,,,,,,,,,,,,,,,,,,,
At4g31870,GO:0080167,,,,,,,,,,,,,,,,,,,,,,,,,,,,,,,,,,,
At4g31130,,,,,,,,,,,,,,,,,,,,,,,,,,,,,,,,,,,,
At4g31000,,,,,,,,,,,,,,,,,,,,,,,,,,,,,,,,,,,,
At4g30840,,,,,,,,,,,,,,,,,,,,,,,,,,,,,,,,,,,,
At4g30690,,,,,,,,,,,,,,,,,,,,,,,,,,,,,,,,,,,,
At4g30290,GO:0008283,GO:0010411,GO:0071365,,,,,,,,,,,,,,,,,,,,,,,,,,,,,,,,,
At4g30650,GO:0050832,,,,,,,,,,,,,,,,,,,,,,,,,,,,,,,,,,,
At4g30500,,,,,,,,,,,,,,,,,,,,,,,,,,,,,,,,,,,,
At4g30470,,,,,,,,,,,,,,,,,,,,,,,,,,,,,,,,,,,,
At4g30210,GO:0009698,,,,,,,,,,,,,,,,,,,,,,,,,,,,,,,,,,,
At4g29720,GO:0048510,,,,,,,,,,,,,,,,,,,,,,,,,,,,,,,,,,,
At4g29510,,,,,,,,,,,,,,,,,,,,,,,,,,,,,,,,,,,,
At4g29700,,,,,,,,,,,,,,,,,,,,,,,,,,,,,,,,,,,,
At4g29840,,,,,,,,,,,,,,,,,,,,,,,,,,,,,,,,,,,,
At4g29210,GO:0006751,GO:0006805,,,,,,,,,,,,,,,,,,,,,,,,,,,,,,,,,,
At4g29220,GO:0006096,,,,,,,,,,,,,,,,,,,,,,,,,,,,,,,,,,,
At4g29190,GO:0006355,,,,,,,,,,,,,,,,,,,,,,,,,,,,,,,,,,,
At4g29080,GO:0009733,,,,,,,,,,,,,,,,,,,,,,,,,,,,,,,,,,,
At4g29010,GO:0009695,GO:0009908,,,,,,,,,,,,,,,,,,,,,,,,,,,,,,,,,,
At4g28270,,,,,,,,,,,,,,,,,,,,,,,,,,,,,,,,,,,,
At4g28190,,,,,,,,,,,,,,,,,,,,,,,,,,,,,,,,,,,,
At4g28240,,,,,,,,,,,,,,,,,,,,,,,,,,,,,,,,,,,,
At4g27940,GO:1901562,,,,,,,,,,,,,,,,,,,,,,,,,,,,,,,,,,,
At4g27652,,,,,,,,,,,,,,,,,,,,,,,,,,,,,,,,,,,,
At4g27800,GO:0009767,GO:0016311,GO:0080005,,,,,,,,,,,,,,,,,,,,,,,,,,,,,,,,,
At4g27820,,,,,,,,,,,,,,,,,,,,,,,,,,,,,,,,,,,,
At4g27657,,,,,,,,,,,,,,,,,,,,,,,,,,,,,,,,,,,,
At4g27680,,,,,,,,,,,,,,,,,,,,,,,,,,,,,,,,,,,,
At4g27710,GO:0009651,,,,,,,,,,,,,,,,,,,,,,,,,,,,,,,,,,,
At4g27350,,,,,,,,,,,,,,,,,,,,,,,,,,,,,,,,,,,,
At4g26790,,,,,,,,,,,,,,,,,,,,,,,,,,,,,,,,,,,,
At4g26780,GO:0009408,GO:0010286,,,,,,,,,,,,,,,,,,,,,,,,,,,,,,,,,,
At4g26400,GO:0010200,,,,,,,,,,,,,,,,,,,,,,,,,,,,,,,,,,,
At4g26530,,,,,,,,,,,,,,,,,,,,,,,,,,,,,,,,,,,,
At4g26500,,,,,,,,,,,,,,,,,,,,,,,,,,,,,,,,,,,,
At4g26555,,,,,,,,,,,,,,,,,,,,,,,,,,,,,,,,,,,,
At4g26610,GO:0006468,GO:0010540,,,,,,,,,,,,,,,,,,,,,,,,,,,,,,,,,,
At4g26370,,,,,,,,,,,,,,,,,,,,,,,,,,,,,,,,,,,,
At4g26150,GO:0007623,GO:0009416,GO:0009735,GO:0009740,GO:0009910,GO:0010187,GO:0010380,GO:0010468,,,,,,,,,,,,,,,,,,,,,,,,,,,,
At4g25880,,,,,,,,,,,,,,,,,,,,,,,,,,,,,,,,,,,,
At4g25480,GO:0009409,GO:0009414,GO:0009631,,,,,,,,,,,,,,,,,,,,,,,,,,,,,,,,,
At4g25500,GO:0031053,,,,,,,,,,,,,,,,,,,,,,,,,,,,,,,,,,,
At4g25470,GO:0009409,GO:0009631,,,,,,,,,,,,,,,,,,,,,,,,,,,,,,,,,,
At4g25340,GO:0006334,,,,,,,,,,,,,,,,,,,,,,,,,,,,,,,,,,,
At4g25710,,,,,,,,,,,,,,,,,,,,,,,,,,,,,,,,,,,,
At4g25630,,,,,,,,,,,,,,,,,,,,,,,,,,,,,,,,,,,,
At4g25720,GO:0017186,,,,,,,,,,,,,,,,,,,,,,,,,,,,,,,,,,,
At4g24960,GO:0009409,GO:0009414,GO:0009555,GO:0009737,GO:0009908,GO:0010507,GO:0042538,,,,,,,,,,,,,,,,,,,,,,,,,,,,,
At4g24800,GO:0009651,GO:0009723,,,,,,,,,,,,,,,,,,,,,,,,,,,,,,,,,,
At4g25050,GO:0006633,GO:0009627,GO:0042335,,,,,,,,,,,,,,,,,,,,,,,,,,,,,,,,,
At4g25030,,,,,,,,,,,,,,,,,,,,,,,,,,,,,,,,,,,,
At4g25080,GO:0015995,,,,,,,,,,,,,,,,,,,,,,,,,,,,,,,,,,,
At4g24520,GO:0006979,GO:0009698,GO:0009737,,,,,,,,,,,,,,,,,,,,,,,,,,,,,,,,,
At4g24270,,,,,,,,,,,,,,,,,,,,,,,,,,,,,,,,,,,,
At4g24380,,,,,,,,,,,,,,,,,,,,,,,,,,,,,,,,,,,,
At4g23950,,,,,,,,,,,,,,,,,,,,,,,,,,,,,,,,,,,,
At4g23890,GO:0009767,,,,,,,,,,,,,,,,,,,,,,,,,,,,,,,,,,,
At4g23920,GO:0042546,,,,,,,,,,,,,,,,,,,,,,,,,,,,,,,,,,,
At4g23820,,,,,,,,,,,,,,,,,,,,,,,,,,,,,,,,,,,,
At4g23630,GO:0071786,,,,,,,,,,,,,,,,,,,,,,,,,,,,,,,,,,,
At4g23600,GO:0006520,GO:0009611,GO:0009737,GO:0009753,GO:0010188,GO:0042538,,,,,,,,,,,,,,,,,,,,,,,,,,,,,,
At4g23400,,,,,,,,,,,,,,,,,,,,,,,,,,,,,,,,,,,,
At4g23290,,,,,,,,,,,,,,,,,,,,,,,,,,,,,,,,,,,,
At4g22750,,,,,,,,,,,,,,,,,,,,,,,,,,,,,,,,,,,,
At4g22890,GO:0009773,GO:0015979,,,,,,,,,,,,,,,,,,,,,,,,,,,,,,,,,,
At4g22200,GO:0009737,GO:0042391,,,,,,,,,,,,,,,,,,,,,,,,,,,,,,,,,,
At4g22570,GO:0006168,,,,,,,,,,,,,,,,,,,,,,,,,,,,,,,,,,,
At4g22540,,,,,,,,,,,,,,,,,,,,,,,,,,,,,,,,,,,,
At4g22753,,,,,,,,,,,,,,,,,,,,,,,,,,,,,,,,,,,,
At4g21810,,,,,,,,,,,,,,,,,,,,,,,,,,,,,,,,,,,,
At4g21870,,,,,,,,,,,,,,,,,,,,,,,,,,,,,,,,,,,,
At4g21470,,,,,,,,,,,,,,,,,,,,,,,,,,,,,,,,,,,,
At4g21610,GO:0009617,,,,,,,,,,,,,,,,,,,,,,,,,,,,,,,,,,,
At4g20980,,,,,,,,,,,,,,,,,,,,,,,,,,,,,,,,,,,,
At4g20890,GO:0046686,,,,,,,,,,,,,,,,,,,,,,,,,,,,,,,,,,,
At4g21140,,,,,,,,,,,,,,,,,,,,,,,,,,,,,,,,,,,,
At4g20070,GO:0006145,GO:0010136,,,,,,,,,,,,,,,,,,,,,,,,,,,,,,,,,,
At4g20170,GO:0042546,,,,,,,,,,,,,,,,,,,,,,,,,,,,,,,,,,,
At4g19880,GO:0046686,,,,,,,,,,,,,,,,,,,,,,,,,,,,,,,,,,,
At4g19140,,,,,,,,,,,,,,,,,,,,,,,,,,,,,,,,,,,,
At4g19120,,,,,,,,,,,,,,,,,,,,,,,,,,,,,,,,,,,,
At4g19170,,,,,,,,,,,,,,,,,,,,,,,,,,,,,,,,,,,,
At4g19420,,,,,,,,,,,,,,,,,,,,,,,,,,,,,,,,,,,,
At4g19450,,,,,,,,,,,,,,,,,,,,,,,,,,,,,,,,,,,,
At4g19410,,,,,,,,,,,,,,,,,,,,,,,,,,,,,,,,,,,,
At4g19390,,,,,,,,,,,,,,,,,,,,,,,,,,,,,,,,,,,,
At4g18975,,,,,,,,,,,,,,,,,,,,,,,,,,,,,,,,,,,,
At4g18910,GO:0015700,GO:0046685,GO:0080170,,,,,,,,,,,,,,,,,,,,,,,,,,,,,,,,,
At4g18700,,,,,,,,,,,,,,,,,,,,,,,,,,,,,,,,,,,,
At4g18270,,,,,,,,,,,,,,,,,,,,,,,,,,,,,,,,,,,,
At4g18280,,,,,,,,,,,,,,,,,,,,,,,,,,,,,,,,,,,,
At4g18390,GO:0006355,GO:0009637,GO:0009965,GO:0030154,GO:0045962,GO:0048366,GO:1903508,GO:2000306,,,,,,,,,,,,,,,,,,,,,,,,,,,,
At4g13830,GO:0010322,GO:0061077,GO:1902395,,,,,,,,,,,,,,,,,,,,,,,,,,,,,,,,,
At4g17870,GO:0009738,GO:0080163,,,,,,,,,,,,,,,,,,,,,,,,,,,,,,,,,,
At4g13750,GO:0001708,GO:0009793,GO:0009926,GO:0010305,GO:0019827,GO:0048364,,,,,,,,,,,,,,,,,,,,,,,,,,,,,,
At4g13150,,,,,,,,,,,,,,,,,,,,,,,,,,,,,,,,,,,,
At4g12690,,,,,,,,,,,,,,,,,,,,,,,,,,,,,,,,,,,,
At4g12800,,,,,,,,,,,,,,,,,,,,,,,,,,,,,,,,,,,,
At4g12910,,,,,,,,,,,,,,,,,,,,,,,,,,,,,,,,,,,,
At4g12470,GO:0009627,GO:0009631,GO:0009682,GO:0050832,GO:0070417,,,,,,,,,,,,,,,,,,,,,,,,,,,,,,,
At4g12000,GO:0006979,,,,,,,,,,,,,,,,,,,,,,,,,,,,,,,,,,,
At4g12030,GO:0009611,GO:0009753,GO:0019761,GO:0033506,,,,,,,,,,,,,,,,,,,,,,,,,,,,,,,,
At4g11600,GO:0009651,GO:0046686,,,,,,,,,,,,,,,,,,,,,,,,,,,,,,,,,,
At4g11290,,,,,,,,,,,,,,,,,,,,,,,,,,,,,,,,,,,,
At4g11360,GO:0010200,GO:0016567,GO:0046686,,,,,,,,,,,,,,,,,,,,,,,,,,,,,,,,,
At4g11330,,,,,,,,,,,,,,,,,,,,,,,,,,,,,,,,,,,,
At4g11410,,,,,,,,,,,,,,,,,,,,,,,,,,,,,,,,,,,,
At4g10750,,,,,,,,,,,,,,,,,,,,,,,,,,,,,,,,,,,,
At4g10770,,,,,,,,,,,,,,,,,,,,,,,,,,,,,,,,,,,,
At4g10340,GO:0009637,GO:0010114,GO:0010196,GO:0010218,GO:0015979,,,,,,,,,,,,,,,,,,,,,,,,,,,,,,,
At4g09830,,,,,,,,,,,,,,,,,,,,,,,,,,,,,,,,,,,,
At4g09970,GO:0007623,,,,,,,,,,,,,,,,,,,,,,,,,,,,,,,,,,,
At4g10040,,,,,,,,,,,,,,,,,,,,,,,,,,,,,,,,,,,,
At4g09460,GO:0009739,GO:0009751,GO:0009753,,,,,,,,,,,,,,,,,,,,,,,,,,,,,,,,,
At4g09820,GO:0009962,GO:0010026,GO:0010214,GO:0048316,GO:2000029,,,,,,,,,,,,,,,,,,,,,,,,,,,,,,,
At4g08920,GO:0007623,GO:0009414,GO:0009416,GO:0009583,GO:0009637,GO:0009638,GO:0009640,GO:0009644,GO:0009646,GO:0009785,GO:0010075,GO:0010114,GO:0010117,GO:0010118,GO:0010218,GO:0010244,GO:0010310,GO:0010343,GO:0010617,GO:0042752,GO:0046283,GO:0046777,GO:0051510,GO:0055114,GO:0060918,GO:0071000,GO:0072387,GO:0099402,GO:1900426,GO:1901332,GO:1901371,GO:1901529,GO:1901672,GO:1902347,GO:1902448,GO:2000377
At4g09020,GO:0005983,,,,,,,,,,,,,,,,,,,,,,,,,,,,,,,,,,,
At4g09350,,,,,,,,,,,,,,,,,,,,,,,,,,,,,,,,,,,,
At4g05410,GO:0009553,GO:0009793,GO:0060321,,,,,,,,,,,,,,,,,,,,,,,,,,,,,,,,,
At4g05390,,,,,,,,,,,,,,,,,,,,,,,,,,,,,,,,,,,,
At4g04840,,,,,,,,,,,,,,,,,,,,,,,,,,,,,,,,,,,,
At4g04870,,,,,,,,,,,,,,,,,,,,,,,,,,,,,,,,,,,,
At4g04955,GO:0006145,GO:0006995,GO:0010136,,,,,,,,,,,,,,,,,,,,,,,,,,,,,,,,,
At4g04210,,,,,,,,,,,,,,,,,,,,,,,,,,,,,,,,,,,,
At4g03400,GO:0009416,GO:0009733,,,,,,,,,,,,,,,,,,,,,,,,,,,,,,,,,,
At4g03140,,,,,,,,,,,,,,,,,,,,,,,,,,,,,,,,,,,,
At4g03190,GO:0002237,GO:0009733,GO:0010152,GO:0045014,,,,,,,,,,,,,,,,,,,,,,,,,,,,,,,,
At4g02860,,,,,,,,,,,,,,,,,,,,,,,,,,,,,,,,,,,,
At4g03030,,,,,,,,,,,,,,,,,,,,,,,,,,,,,,,,,,,,
At4g02440,GO:0009585,GO:0010099,GO:0048366,GO:0048573,,,,,,,,,,,,,,,,,,,,,,,,,,,,,,,,
At4g02500,GO:0000271,GO:0010411,,,,,,,,,,,,,,,,,,,,,,,,,,,,,,,,,,
At4g02710,,,,,,,,,,,,,,,,,,,,,,,,,,,,,,,,,,,,
At4g02400,,,,,,,,,,,,,,,,,,,,,,,,,,,,,,,,,,,,
At4g02340,,,,,,,,,,,,,,,,,,,,,,,,,,,,,,,,,,,,
At4g01690,GO:0006779,,,,,,,,,,,,,,,,,,,,,,,,,,,,,,,,,,,
At4g01960,,,,,,,,,,,,,,,,,,,,,,,,,,,,,,,,,,,,
At4g01450,,,,,,,,,,,,,,,,,,,,,,,,,,,,,,,,,,,,
At4g01460,GO:0006355,,,,,,,,,,,,,,,,,,,,,,,,,,,,,,,,,,,
At4g01026,,,,,,,,,,,,,,,,,,,,,,,,,,,,,,,,,,,,
At4g01080,,,,,,,,,,,,,,,,,,,,,,,,,,,,,,,,,,,,
At4g00895,,,,,,,,,,,,,,,,,,,,,,,,,,,,,,,,,,,,
At4g00490,,,,,,,,,,,,,,,,,,,,,,,,,,,,,,,,,,,,
At4g00630,,,,,,,,,,,,,,,,,,,,,,,,,,,,,,,,,,,,
At1g25520,GO:0080167,,,,,,,,,,,,,,,,,,,,,,,,,,,,,,,,,,,
At1g16720,GO:0006413,,,,,,,,,,,,,,,,,,,,,,,,,,,,,,,,,,,
At1g18640,GO:0006564,GO:0009555,GO:0009793,GO:0048364,,,,,,,,,,,,,,,,,,,,,,,,,,,,,,,,
At1g19920,GO:0000103,GO:0009970,,,,,,,,,,,,,,,,,,,,,,,,,,,,,,,,,,
At2g33590,GO:0009408,GO:0009414,GO:0009737,GO:0046686,,,,,,,,,,,,,,,,,,,,,,,,,,,,,,,,
At2g33250,,,,,,,,,,,,,,,,,,,,,,,,,,,,,,,,,,,,
At2g33380,GO:0009269,GO:0009409,GO:0009620,GO:0009651,GO:0009737,GO:0009751,GO:0010118,GO:0031407,GO:0050832,GO:1902609,GO:2000377,,,,,,,,,,,,,,,,,,,,,,,,,
At2g33630,,,,,,,,,,,,,,,,,,,,,,,,,,,,,,,,,,,,
At4g10300,,,,,,,,,,,,,,,,,,,,,,,,,,,,,,,,,,,,
At2g33570,GO:0042546,GO:0045489,,,,,,,,,,,,,,,,,,,,,,,,,,,,,,,,,,
At5g34940,,,,,,,,,,,,,,,,,,,,,,,,,,,,,,,,,,,,
At2g40460,GO:0009624,,,,,,,,,,,,,,,,,,,,,,,,,,,,,,,,,,,
At1g22190,GO:0006970,GO:0009409,GO:0009414,,,,,,,,,,,,,,,,,,,,,,,,,,,,,,,,,
At1g12710,,,,,,,,,,,,,,,,,,,,,,,,,,,,,,,,,,,,
At1g22360,,,,,,,,,,,,,,,,,,,,,,,,,,,,,,,,,,,,
At1g22070,GO:0009862,GO:0042742,,,,,,,,,,,,,,,,,,,,,,,,,,,,,,,,,,
At1g22140,,,,,,,,,,,,,,,,,,,,,,,,,,,,,,,,,,,,
At1g22330,,,,,,,,,,,,,,,,,,,,,,,,,,,,,,,,,,,,
At1g34150,,,,,,,,,,,,,,,,,,,,,,,,,,,,,,,,,,,,
At1g07240,GO:0009687,GO:0009819,GO:0010030,GO:1902265,,,,,,,,,,,,,,,,,,,,,,,,,,,,,,,,
At1g18150,GO:0000302,GO:0009611,GO:0009753,GO:0042542,,,,,,,,,,,,,,,,,,,,,,,,,,,,,,,,
At1g20693,GO:0006333,,,,,,,,,,,,,,,,,,,,,,,,,,,,,,,,,,,
At1g20696,,,,,,,,,,,,,,,,,,,,,,,,,,,,,,,,,,,,
At1g13650,,,,,,,,,,,,,,,,,,,,,,,,,,,,,,,,,,,,
At1g16850,GO:0009651,,,,,,,,,,,,,,,,,,,,,,,,,,,,,,,,,,,
At1g13570,,,,,,,,,,,,,,,,,,,,,,,,,,,,,,,,,,,,
At1g55090,,,,,,,,,,,,,,,,,,,,,,,,,,,,,,,,,,,,
At1g51700,GO:0006355,GO:0010200,,,,,,,,,,,,,,,,,,,,,,,,,,,,,,,,,,
At1g30160,,,,,,,,,,,,,,,,,,,,,,,,,,,,,,,,,,,,
At1g30200,,,,,,,,,,,,,,,,,,,,,,,,,,,,,,,,,,,,
At1g56200,GO:0009658,GO:0009793,GO:0010027,GO:0090056,,,,,,,,,,,,,,,,,,,,,,,,,,,,,,,,
At1g56190,GO:0046686,,,,,,,,,,,,,,,,,,,,,,,,,,,,,,,,,,,
At3g11230,,,,,,,,,,,,,,,,,,,,,,,,,,,,,,,,,,,,
At3g12320,GO:0007623,,,,,,,,,,,,,,,,,,,,,,,,,,,,,,,,,,,
At3g12560,GO:0009737,,,,,,,,,,,,,,,,,,,,,,,,,,,,,,,,,,,
At1g69440,GO:0010050,GO:0010267,GO:0010599,GO:0016246,GO:0035195,GO:0035196,GO:0040034,GO:0051607,GO:0060145,,,,,,,,,,,,,,,,,,,,,,,,,,,
At1g69530,,,,,,,,,,,,,,,,,,,,,,,,,,,,,,,,,,,,
At1g30360,,,,,,,,,,,,,,,,,,,,,,,,,,,,,,,,,,,,
At3g02340,,,,,,,,,,,,,,,,,,,,,,,,,,,,,,,,,,,,
At1g76890,,,,,,,,,,,,,,,,,,,,,,,,,,,,,,,,,,,,
At1g72030,,,,,,,,,,,,,,,,,,,,,,,,,,,,,,,,,,,,
At1g55000,,,,,,,,,,,,,,,,,,,,,,,,,,,,,,,,,,,,
At3g06150,,,,,,,,,,,,,,,,,,,,,,,,,,,,,,,,,,,,
At3g11090,,,,,,,,,,,,,,,,,,,,,,,,,,,,,,,,,,,,
At3g11040,GO:0006491,GO:0006517,,,,,,,,,,,,,,,,,,,,,,,,,,,,,,,,,,
At1g75280,GO:0006979,GO:0046686,,,,,,,,,,,,,,,,,,,,,,,,,,,,,,,,,,
At1g75180,,,,,,,,,,,,,,,,,,,,,,,,,,,,,,,,,,,,
At1g75220,GO:0010030,GO:0042593,,,,,,,,,,,,,,,,,,,,,,,,,,,,,,,,,,
At1g75140,,,,,,,,,,,,,,,,,,,,,,,,,,,,,,,,,,,,
At1g66070,,,,,,,,,,,,,,,,,,,,,,,,,,,,,,,,,,,,
At1g66200,,,,,,,,,,,,,,,,,,,,,,,,,,,,,,,,,,,,
At1g33260,,,,,,,,,,,,,,,,,,,,,,,,,,,,,,,,,,,,
At3g19520,,,,,,,,,,,,,,,,,,,,,,,,,,,,,,,,,,,,
At3g19550,,,,,,,,,,,,,,,,,,,,,,,,,,,,,,,,,,,,
At3g14790,GO:0010253,,,,,,,,,,,,,,,,,,,,,,,,,,,,,,,,,,,
At3g28220,,,,,,,,,,,,,,,,,,,,,,,,,,,,,,,,,,,,
At3g14760,,,,,,,,,,,,,,,,,,,,,,,,,,,,,,,,,,,,
At3g28270,GO:0042631,,,,,,,,,,,,,,,,,,,,,,,,,,,,,,,,,,,
At3g19970,,,,,,,,,,,,,,,,,,,,,,,,,,,,,,,,,,,,
At3g12020,,,,,,,,,,,,,,,,,,,,,,,,,,,,,,,,,,,,
At3g11964,GO:0006364,GO:0009553,,,,,,,,,,,,,,,,,,,,,,,,,,,,,,,,,,
At3g52360,GO:0080167,,,,,,,,,,,,,,,,,,,,,,,,,,,,,,,,,,,
At3g52180,GO:0005982,GO:0005983,,,,,,,,,,,,,,,,,,,,,,,,,,,,,,,,,,
At3g52190,GO:0006817,GO:0006888,GO:0016036,,,,,,,,,,,,,,,,,,,,,,,,,,,,,,,,,
At3g52230,,,,,,,,,,,,,,,,,,,,,,,,,,,,,,,,,,,,
At3g52340,,,,,,,,,,,,,,,,,,,,,,,,,,,,,,,,,,,,
At2g34090,GO:0009793,GO:0048868,,,,,,,,,,,,,,,,,,,,,,,,,,,,,,,,,,
At3g27170,,,,,,,,,,,,,,,,,,,,,,,,,,,,,,,,,,,,
At3g16857,GO:0009414,GO:0009735,GO:0009736,GO:0010082,GO:0010380,GO:0031537,GO:0048364,GO:0048367,GO:0071368,GO:0080022,GO:0080036,GO:0080113,,,,,,,,,,,,,,,,,,,,,,,,
At3g20920,,,,,,,,,,,,,,,,,,,,,,,,,,,,,,,,,,,,
At3g15140,GO:0035194,GO:0090065,,,,,,,,,,,,,,,,,,,,,,,,,,,,,,,,,,
At3g23840,GO:0009555,GO:0042761,,,,,,,,,,,,,,,,,,,,,,,,,,,,,,,,,,
At3g26450,GO:0009735,,,,,,,,,,,,,,,,,,,,,,,,,,,,,,,,,,,
At3g13550,GO:0010099,,,,,,,,,,,,,,,,,,,,,,,,,,,,,,,,,,,
At3g13520,,,,,,,,,,,,,,,,,,,,,,,,,,,,,,,,,,,,
At3g13450,GO:0009646,GO:0009744,GO:0043617,,,,,,,,,,,,,,,,,,,,,,,,,,,,,,,,,
At3g14067,GO:0010223,GO:0010260,,,,,,,,,,,,,,,,,,,,,,,,,,,,,,,,,,
At3g14200,,,,,,,,,,,,,,,,,,,,,,,,,,,,,,,,,,,,
At3g19710,GO:0009416,GO:0009611,GO:0019761,,,,,,,,,,,,,,,,,,,,,,,,,,,,,,,,,
At3g19130,,,,,,,,,,,,,,,,,,,,,,,,,,,,,,,,,,,,
At3g19650,,,,,,,,,,,,,,,,,,,,,,,,,,,,,,,,,,,,
At3g20500,,,,,,,,,,,,,,,,,,,,,,,,,,,,,,,,,,,,
At3g20060,GO:0006511,GO:0008283,,,,,,,,,,,,,,,,,,,,,,,,,,,,,,,,,,
At3g20100,,,,,,,,,,,,,,,,,,,,,,,,,,,,,,,,,,,,
At3g20240,,,,,,,,,,,,,,,,,,,,,,,,,,,,,,,,,,,,
At3g28910,GO:0001666,GO:0009617,GO:0009626,GO:0009723,GO:0009733,GO:0009739,GO:0009751,GO:0009753,GO:0042761,,,,,,,,,,,,,,,,,,,,,,,,,,,
At3g27300,GO:0006006,GO:0009051,GO:0046686,,,,,,,,,,,,,,,,,,,,,,,,,,,,,,,,,
At3g13160,,,,,,,,,,,,,,,,,,,,,,,,,,,,,,,,,,,,
At3g23690,GO:0006355,,,,,,,,,,,,,,,,,,,,,,,,,,,,,,,,,,,
At3g16520,,,,,,,,,,,,,,,,,,,,,,,,,,,,,,,,,,,,
At3g14900,GO:0009793,,,,,,,,,,,,,,,,,,,,,,,,,,,,,,,,,,,
At3g27925,GO:0009735,GO:0010206,GO:0030163,,,,,,,,,,,,,,,,,,,,,,,,,,,,,,,,,
At3g27820,GO:0042744,,,,,,,,,,,,,,,,,,,,,,,,,,,,,,,,,,,
At3g15095,GO:0010207,,,,,,,,,,,,,,,,,,,,,,,,,,,,,,,,,,,
At3g24170,,,,,,,,,,,,,,,,,,,,,,,,,,,,,,,,,,,,
At3g24190,,,,,,,,,,,,,,,,,,,,,,,,,,,,,,,,,,,,
At3g28130,,,,,,,,,,,,,,,,,,,,,,,,,,,,,,,,,,,,
At3g26520,GO:0030104,GO:0042742,GO:0080170,,,,,,,,,,,,,,,,,,,,,,,,,,,,,,,,,
At2g38640,,,,,,,,,,,,,,,,,,,,,,,,,,,,,,,,,,,,
At1g80850,,,,,,,,,,,,,,,,,,,,,,,,,,,,,,,,,,,,
At1g51430,,,,,,,,,,,,,,,,,,,,,,,,,,,,,,,,,,,,
At3g14960,,,,,,,,,,,,,,,,,,,,,,,,,,,,,,,,,,,,
At3g26580,,,,,,,,,,,,,,,,,,,,,,,,,,,,,,,,,,,,
At3g26510,,,,,,,,,,,,,,,,,,,,,,,,,,,,,,,,,,,,
At3g26230,,,,,,,,,,,,,,,,,,,,,,,,,,,,,,,,,,,,
At3g26280,,,,,,,,,,,,,,,,,,,,,,,,,,,,,,,,,,,,
At3g26200,,,,,,,,,,,,,,,,,,,,,,,,,,,,,,,,,,,,
At3g25740,GO:0031365,,,,,,,,,,,,,,,,,,,,,,,,,,,,,,,,,,,
At3g16840,,,,,,,,,,,,,,,,,,,,,,,,,,,,,,,,,,,,
At3g16800,,,,,,,,,,,,,,,,,,,,,,,,,,,,,,,,,,,,
At3g16850,,,,,,,,,,,,,,,,,,,,,,,,,,,,,,,,,,,,
At3g12670,GO:0046686,,,,,,,,,,,,,,,,,,,,,,,,,,,,,,,,,,,
At3g18440,GO:0015743,,,,,,,,,,,,,,,,,,,,,,,,,,,,,,,,,,,
At3g18420,GO:0009658,,,,,,,,,,,,,,,,,,,,,,,,,,,,,,,,,,,
At3g29240,,,,,,,,,,,,,,,,,,,,,,,,,,,,,,,,,,,,
At3g29200,GO:0009073,,,,,,,,,,,,,,,,,,,,,,,,,,,,,,,,,,,
At3g18710,GO:0010200,GO:0016567,,,,,,,,,,,,,,,,,,,,,,,,,,,,,,,,,,
At3g23090,,,,,,,,,,,,,,,,,,,,,,,,,,,,,,,,,,,,
At3g23050,GO:0009414,GO:0009611,GO:0009630,GO:0009733,GO:0009753,,,,,,,,,,,,,,,,,,,,,,,,,,,,,,,
At3g23000,GO:0009409,,,,,,,,,,,,,,,,,,,,,,,,,,,,,,,,,,,
At3g23080,,,,,,,,,,,,,,,,,,,,,,,,,,,,,,,,,,,,
At3g18750,GO:0006468,,,,,,,,,,,,,,,,,,,,,,,,,,,,,,,,,,,
At3g26680,GO:0006281,,,,,,,,,,,,,,,,,,,,,,,,,,,,,,,,,,,
At3g26740,,,,,,,,,,,,,,,,,,,,,,,,,,,,,,,,,,,,
At3g12950,,,,,,,,,,,,,,,,,,,,,,,,,,,,,,,,,,,,
At3g13062,,,,,,,,,,,,,,,,,,,,,,,,,,,,,,,,,,,,
At3g16910,GO:0006083,GO:0006097,GO:0019605,,,,,,,,,,,,,,,,,,,,,,,,,,,,,,,,,
At3g23210,GO:0006355,,,,,,,,,,,,,,,,,,,,,,,,,,,,,,,,,,,
At3g25585,,,,,,,,,,,,,,,,,,,,,,,,,,,,,,,,,,,,
At3g21750,,,,,,,,,,,,,,,,,,,,,,,,,,,,,,,,,,,,
At3g25560,,,,,,,,,,,,,,,,,,,,,,,,,,,,,,,,,,,,
At3g27530,GO:0009791,GO:0032527,,,,,,,,,,,,,,,,,,,,,,,,,,,,,,,,,,
At3g19870,,,,,,,,,,,,,,,,,,,,,,,,,,,,,,,,,,,,
At3g19450,GO:0009809,GO:0080167,,,,,,,,,,,,,,,,,,,,,,,,,,,,,,,,,,
At3g21260,,,,,,,,,,,,,,,,,,,,,,,,,,,,,,,,,,,,
At3g16220,,,,,,,,,,,,,,,,,,,,,,,,,,,,,,,,,,,,
At3g16240,GO:0006833,,,,,,,,,,,,,,,,,,,,,,,,,,,,,,,,,,,
At3g16250,GO:0009773,,,,,,,,,,,,,,,,,,,,,,,,,,,,,,,,,,,
At3g25890,,,,,,,,,,,,,,,,,,,,,,,,,,,,,,,,,,,,
At3g25940,,,,,,,,,,,,,,,,,,,,,,,,,,,,,,,,,,,,
At3g26085,,,,,,,,,,,,,,,,,,,,,,,,,,,,,,,,,,,,
At3g14720,,,,,,,,,,,,,,,,,,,,,,,,,,,,,,,,,,,,
At3g24500,,,,,,,,,,,,,,,,,,,,,,,,,,,,,,,,,,,,
At3g18050,,,,,,,,,,,,,,,,,,,,,,,,,,,,,,,,,,,,
At3g21540,,,,,,,,,,,,,,,,,,,,,,,,,,,,,,,,,,,,
At3g21560,GO:0009718,GO:0009801,GO:0080167,,,,,,,,,,,,,,,,,,,,,,,,,,,,,,,,,
At3g21670,,,,,,,,,,,,,,,,,,,,,,,,,,,,,,,,,,,,
At3g15840,,,,,,,,,,,,,,,,,,,,,,,,,,,,,,,,,,,,
At3g15630,,,,,,,,,,,,,,,,,,,,,,,,,,,,,,,,,,,,
At3g27610,,,,,,,,,,,,,,,,,,,,,,,,,,,,,,,,,,,,
At3g27770,,,,,,,,,,,,,,,,,,,,,,,,,,,,,,,,,,,,
At3g15720,,,,,,,,,,,,,,,,,,,,,,,,,,,,,,,,,,,,
At3g15770,GO:0001944,GO:0051301,,,,,,,,,,,,,,,,,,,,,,,,,,,,,,,,,,
At3g15610,,,,,,,,,,,,,,,,,,,,,,,,,,,,,,,,,,,,
At3g15760,,,,,,,,,,,,,,,,,,,,,,,,,,,,,,,,,,,,
At3g16140,,,,,,,,,,,,,,,,,,,,,,,,,,,,,,,,,,,,
At3g15990,,,,,,,,,,,,,,,,,,,,,,,,,,,,,,,,,,,,
At3g23400,GO:0009658,GO:0010193,GO:0042742,,,,,,,,,,,,,,,,,,,,,,,,,,,,,,,,,
At3g16175,,,,,,,,,,,,,,,,,,,,,,,,,,,,,,,,,,,,
At3g22660,,,,,,,,,,,,,,,,,,,,,,,,,,,,,,,,,,,,
At3g22840,GO:0009409,GO:0010030,GO:0010117,GO:0034605,GO:0071483,GO:0071486,GO:0071490,GO:0071491,GO:0071492,GO:0080167,,,,,,,,,,,,,,,,,,,,,,,,,,
At3g16180,GO:0080055,,,,,,,,,,,,,,,,,,,,,,,,,,,,,,,,,,,
At3g17609,,,,,,,,,,,,,,,,,,,,,,,,,,,,,,,,,,,,
At3g14240,,,,,,,,,,,,,,,,,,,,,,,,,,,,,,,,,,,,
At3g15460,GO:0000027,GO:0006364,,,,,,,,,,,,,,,,,,,,,,,,,,,,,,,,,,
At3g15450,,,,,,,,,,,,,,,,,,,,,,,,,,,,,,,,,,,,
At3g17611,,,,,,,,,,,,,,,,,,,,,,,,,,,,,,,,,,,,
At3g17380,,,,,,,,,,,,,,,,,,,,,,,,,,,,,,,,,,,,
At3g16570,GO:0009741,GO:0045926,,,,,,,,,,,,,,,,,,,,,,,,,,,,,,,,,,
At3g16770,GO:0008219,GO:0009723,GO:0009735,GO:0009753,GO:0009873,GO:0010286,GO:0045893,GO:0051707,,,,,,,,,,,,,,,,,,,,,,,,,,,,
At3g16560,,,,,,,,,,,,,,,,,,,,,,,,,,,,,,,,,,,,
At3g22400,GO:0010311,GO:0034440,GO:0048364,GO:1900366,,,,,,,,,,,,,,,,,,,,,,,,,,,,,,,,
At3g22300,,,,,,,,,,,,,,,,,,,,,,,,,,,,,,,,,,,,
At3g17330,,,,,,,,,,,,,,,,,,,,,,,,,,,,,,,,,,,,
At3g06060,GO:0030148,,,,,,,,,,,,,,,,,,,,,,,,,,,,,,,,,,,
At3g06070,,,,,,,,,,,,,,,,,,,,,,,,,,,,,,,,,,,,
At3g02570,,,,,,,,,,,,,,,,,,,,,,,,,,,,,,,,,,,,
At3g02700,,,,,,,,,,,,,,,,,,,,,,,,,,,,,,,,,,,,
At3g02690,,,,,,,,,,,,,,,,,,,,,,,,,,,,,,,,,,,,
At3g02380,GO:0009658,GO:0009909,,,,,,,,,,,,,,,,,,,,,,,,,,,,,,,,,,
At3g02490,,,,,,,,,,,,,,,,,,,,,,,,,,,,,,,,,,,,
At3g06530,,,,,,,,,,,,,,,,,,,,,,,,,,,,,,,,,,,,
At3g06750,,,,,,,,,,,,,,,,,,,,,,,,,,,,,,,,,,,,
At3g05980,,,,,,,,,,,,,,,,,,,,,,,,,,,,,,,,,,,,
At3g04470,,,,,,,,,,,,,,,,,,,,,,,,,,,,,,,,,,,,
At3g03020,,,,,,,,,,,,,,,,,,,,,,,,,,,,,,,,,,,,
At3g02770,,,,,,,,,,,,,,,,,,,,,,,,,,,,,,,,,,,,
At3g02720,,,,,,,,,,,,,,,,,,,,,,,,,,,,,,,,,,,,
At3g07870,,,,,,,,,,,,,,,,,,,,,,,,,,,,,,,,,,,,
At3g09920,GO:0005975,GO:0006520,,,,,,,,,,,,,,,,,,,,,,,,,,,,,,,,,,
At3g08620,,,,,,,,,,,,,,,,,,,,,,,,,,,,,,,,,,,,
At3g08730,GO:0006468,GO:0006970,GO:0008285,GO:0009409,GO:0009651,GO:0045727,,,,,,,,,,,,,,,,,,,,,,,,,,,,,,
At3g08630,,,,,,,,,,,,,,,,,,,,,,,,,,,,,,,,,,,,
At3g09480,,,,,,,,,,,,,,,,,,,,,,,,,,,,,,,,,,,,
At3g09580,,,,,,,,,,,,,,,,,,,,,,,,,,,,,,,,,,,,
At3g09540,,,,,,,,,,,,,,,,,,,,,,,,,,,,,,,,,,,,
At3g09600,GO:0006355,GO:0009651,GO:0009723,GO:0009733,GO:0009737,GO:0009739,GO:0009751,GO:0009753,GO:0032922,GO:0043966,GO:0046686,GO:0048573,,,,,,,,,,,,,,,,,,,,,,,,
At3g05880,GO:0009409,GO:0009737,GO:0042538,,,,,,,,,,,,,,,,,,,,,,,,,,,,,,,,,
At3g05800,GO:0006355,,,,,,,,,,,,,,,,,,,,,,,,,,,,,,,,,,,
At3g04605,,,,,,,,,,,,,,,,,,,,,,,,,,,,,,,,,,,,
At3g04770,,,,,,,,,,,,,,,,,,,,,,,,,,,,,,,,,,,,
At3g04550,GO:0080158,,,,,,,,,,,,,,,,,,,,,,,,,,,,,,,,,,,
At3g04670,,,,,,,,,,,,,,,,,,,,,,,,,,,,,,,,,,,,
At3g07270,GO:0035998,,,,,,,,,,,,,,,,,,,,,,,,,,,,,,,,,,,
At3g03060,,,,,,,,,,,,,,,,,,,,,,,,,,,,,,,,,,,,
At3g06330,,,,,,,,,,,,,,,,,,,,,,,,,,,,,,,,,,,,
At3g05660,,,,,,,,,,,,,,,,,,,,,,,,,,,,,,,,,,,,
At3g10630,,,,,,,,,,,,,,,,,,,,,,,,,,,,,,,,,,,,
At3g10150,,,,,,,,,,,,,,,,,,,,,,,,,,,,,,,,,,,,
At3g10020,GO:0006979,GO:0009061,,,,,,,,,,,,,,,,,,,,,,,,,,,,,,,,,,
At3g10530,,,,,,,,,,,,,,,,,,,,,,,,,,,,,,,,,,,,
At3g09440,GO:0009408,GO:0009615,GO:0046686,GO:0080167,,,,,,,,,,,,,,,,,,,,,,,,,,,,,,,,
At3g08920,,,,,,,,,,,,,,,,,,,,,,,,,,,,,,,,,,,,
At3g08940,GO:0009637,GO:0009735,GO:0010114,GO:0010218,,,,,,,,,,,,,,,,,,,,,,,,,,,,,,,,
At3g01820,,,,,,,,,,,,,,,,,,,,,,,,,,,,,,,,,,,,
At3g07320,,,,,,,,,,,,,,,,,,,,,,,,,,,,,,,,,,,,
At3g07310,,,,,,,,,,,,,,,,,,,,,,,,,,,,,,,,,,,,
At3g09300,,,,,,,,,,,,,,,,,,,,,,,,,,,,,,,,,,,,
At3g03440,,,,,,,,,,,,,,,,,,,,,,,,,,,,,,,,,,,,
At3g07560,GO:0006635,GO:0016558,,,,,,,,,,,,,,,,,,,,,,,,,,,,,,,,,,
At3g05490,,,,,,,,,,,,,,,,,,,,,,,,,,,,,,,,,,,,
At3g01350,,,,,,,,,,,,,,,,,,,,,,,,,,,,,,,,,,,,
At3g02180,GO:0009735,,,,,,,,,,,,,,,,,,,,,,,,,,,,,,,,,,,
At3g01500,GO:0009409,GO:0009817,GO:0010037,GO:0010119,GO:0015979,GO:0042742,GO:2000122,,,,,,,,,,,,,,,,,,,,,,,,,,,,,
At3g01770,GO:0045893,,,,,,,,,,,,,,,,,,,,,,,,,,,,,,,,,,,
At3g01690,,,,,,,,,,,,,,,,,,,,,,,,,,,,,,,,,,,,
At3g01520,,,,,,,,,,,,,,,,,,,,,,,,,,,,,,,,,,,,
At3g11530,,,,,,,,,,,,,,,,,,,,,,,,,,,,,,,,,,,,
At3g11590,,,,,,,,,,,,,,,,,,,,,,,,,,,,,,,,,,,,
At3g07770,,,,,,,,,,,,,,,,,,,,,,,,,,,,,,,,,,,,
At3g01160,,,,,,,,,,,,,,,,,,,,,,,,,,,,,,,,,,,,
At3g03900,,,,,,,,,,,,,,,,,,,,,,,,,,,,,,,,,,,,
At1g13260,GO:0009741,GO:0009910,GO:0045892,GO:0048366,GO:0048527,,,,,,,,,,,,,,,,,,,,,,,,,,,,,,,
At1g13450,GO:0006355,,,,,,,,,,,,,,,,,,,,,,,,,,,,,,,,,,,
At1g01470,GO:0009611,GO:0009644,GO:0050832,,,,,,,,,,,,,,,,,,,,,,,,,,,,,,,,,
At1g01620,GO:0006833,GO:0009414,,,,,,,,,,,,,,,,,,,,,,,,,,,,,,,,,,
At1g01520,GO:0009651,,,,,,,,,,,,,,,,,,,,,,,,,,,,,,,,,,,
At1g01490,,,,,,,,,,,,,,,,,,,,,,,,,,,,,,,,,,,,
At1g01500,,,,,,,,,,,,,,,,,,,,,,,,,,,,,,,,,,,,
At1g02300,,,,,,,,,,,,,,,,,,,,,,,,,,,,,,,,,,,,
At1g02370,,,,,,,,,,,,,,,,,,,,,,,,,,,,,,,,,,,,
At1g44000,GO:0009658,,,,,,,,,,,,,,,,,,,,,,,,,,,,,,,,,,,
At1g19130,,,,,,,,,,,,,,,,,,,,,,,,,,,,,,,,,,,,
At1g19000,,,,,,,,,,,,,,,,,,,,,,,,,,,,,,,,,,,,
At1g12580,GO:0046777,,,,,,,,,,,,,,,,,,,,,,,,,,,,,,,,,,,
At1g15820,GO:0010196,GO:0015979,,,,,,,,,,,,,,,,,,,,,,,,,,,,,,,,,,
At1g15880,,,,,,,,,,,,,,,,,,,,,,,,,,,,,,,,,,,,
At1g15740,,,,,,,,,,,,,,,,,,,,,,,,,,,,,,,,,,,,
At1g20450,GO:0009409,GO:0009414,GO:0009631,GO:0009737,GO:0010029,,,,,,,,,,,,,,,,,,,,,,,,,,,,,,,
At1g12310,,,,,,,,,,,,,,,,,,,,,,,,,,,,,,,,,,,,
At1g20640,,,,,,,,,,,,,,,,,,,,,,,,,,,,,,,,,,,,
At1g20540,,,,,,,,,,,,,,,,,,,,,,,,,,,,,,,,,,,,
At1g20440,GO:0006970,GO:0009409,GO:0009414,GO:0009631,GO:0009737,GO:0010286,GO:0050832,,,,,,,,,,,,,,,,,,,,,,,,,,,,,
At1g28060,,,,,,,,,,,,,,,,,,,,,,,,,,,,,,,,,,,,
At1g28070,,,,,,,,,,,,,,,,,,,,,,,,,,,,,,,,,,,,
At1g28100,,,,,,,,,,,,,,,,,,,,,,,,,,,,,,,,,,,,
At1g27930,,,,,,,,,,,,,,,,,,,,,,,,,,,,,,,,,,,,
At1g55310,,,,,,,,,,,,,,,,,,,,,,,,,,,,,,,,,,,,
At1g52340,GO:0006561,GO:0009408,GO:0009414,GO:0009688,GO:0009750,GO:0010115,GO:0010182,,,,,,,,,,,,,,,,,,,,,,,,,,,,,
At1g77700,,,,,,,,,,,,,,,,,,,,,,,,,,,,,,,,,,,,
At1g63180,GO:0009555,,,,,,,,,,,,,,,,,,,,,,,,,,,,,,,,,,,
At1g68920,GO:0006355,,,,,,,,,,,,,,,,,,,,,,,,,,,,,,,,,,,
At1g77770,,,,,,,,,,,,,,,,,,,,,,,,,,,,,,,,,,,,
At1g77610,GO:0015783,GO:0015786,GO:0072334,,,,,,,,,,,,,,,,,,,,,,,,,,,,,,,,,
At1g60890,,,,,,,,,,,,,,,,,,,,,,,,,,,,,,,,,,,,
At1g60960,GO:0006826,GO:0006829,GO:0009624,,,,,,,,,,,,,,,,,,,,,,,,,,,,,,,,,
At1g77460,GO:0009826,GO:0052324,,,,,,,,,,,,,,,,,,,,,,,,,,,,,,,,,,
At1g64400,GO:0006631,,,,,,,,,,,,,,,,,,,,,,,,,,,,,,,,,,,
At1g71180,,,,,,,,,,,,,,,,,,,,,,,,,,,,,,,,,,,,
At1g71130,,,,,,,,,,,,,,,,,,,,,,,,,,,,,,,,,,,,
At1g71040,GO:0010073,GO:0016036,,,,,,,,,,,,,,,,,,,,,,,,,,,,,,,,,,
At1g64360,GO:0006979,,,,,,,,,,,,,,,,,,,,,,,,,,,,,,,,,,,
At1g29390,GO:0009631,GO:0070417,,,,,,,,,,,,,,,,,,,,,,,,,,,,,,,,,,
At1g29670,,,,,,,,,,,,,,,,,,,,,,,,,,,,,,,,,,,,
At1g29395,GO:0009631,GO:0009737,GO:0042631,GO:0070417,,,,,,,,,,,,,,,,,,,,,,,,,,,,,,,,
At1g64330,,,,,,,,,,,,,,,,,,,,,,,,,,,,,,,,,,,,
At1g72150,GO:0009860,,,,,,,,,,,,,,,,,,,,,,,,,,,,,,,,,,,
At1g66230,GO:2000652,,,,,,,,,,,,,,,,,,,,,,,,,,,,,,,,,,,
At1g69570,GO:0006355,,,,,,,,,,,,,,,,,,,,,,,,,,,,,,,,,,,
At1g52230,GO:0009735,,,,,,,,,,,,,,,,,,,,,,,,,,,,,,,,,,,
At1g72190,,,,,,,,,,,,,,,,,,,,,,,,,,,,,,,,,,,,
At1g72300,GO:0009826,GO:0045851,,,,,,,,,,,,,,,,,,,,,,,,,,,,,,,,,,
At1g76790,,,,,,,,,,,,,,,,,,,,,,,,,,,,,,,,,,,,
At1g71430,,,,,,,,,,,,,,,,,,,,,,,,,,,,,,,,,,,,
At1g74170,,,,,,,,,,,,,,,,,,,,,,,,,,,,,,,,,,,,
At1g60850,,,,,,,,,,,,,,,,,,,,,,,,,,,,,,,,,,,,
At1g76580,GO:0006355,,,,,,,,,,,,,,,,,,,,,,,,,,,,,,,,,,,
At1g76590,,,,,,,,,,,,,,,,,,,,,,,,,,,,,,,,,,,,
At1g68110,,,,,,,,,,,,,,,,,,,,,,,,,,,,,,,,,,,,
At1g29970,,,,,,,,,,,,,,,,,,,,,,,,,,,,,,,,,,,,
At1g68830,GO:0007623,GO:0009643,GO:0042548,,,,,,,,,,,,,,,,,,,,,,,,,,,,,,,,,
At1g68795,,,,,,,,,,,,,,,,,,,,,,,,,,,,,,,,,,,,
At1g73655,,,,,,,,,,,,,,,,,,,,,,,,,,,,,,,,,,,,
At1g73750,,,,,,,,,,,,,,,,,,,,,,,,,,,,,,,,,,,,
At1g78210,,,,,,,,,,,,,,,,,,,,,,,,,,,,,,,,,,,,
At1g73680,,,,,,,,,,,,,,,,,,,,,,,,,,,,,,,,,,,,
At1g73650,,,,,,,,,,,,,,,,,,,,,,,,,,,,,,,,,,,,
At1g73660,GO:0009651,GO:0010182,,,,,,,,,,,,,,,,,,,,,,,,,,,,,,,,,,
At1g73630,,,,,,,,,,,,,,,,,,,,,,,,,,,,,,,,,,,,
At1g35430,,,,,,,,,,,,,,,,,,,,,,,,,,,,,,,,,,,,
At1g63260,,,,,,,,,,,,,,,,,,,,,,,,,,,,,,,,,,,,
At1g36380,,,,,,,,,,,,,,,,,,,,,,,,,,,,,,,,,,,,
At1g66410,,,,,,,,,,,,,,,,,,,,,,,,,,,,,,,,,,,,
At1g66350,GO:0009739,GO:0009740,GO:0009938,,,,,,,,,,,,,,,,,,,,,,,,,,,,,,,,,
At1g52760,GO:0006979,GO:0010043,GO:0042542,GO:0046686,,,,,,,,,,,,,,,,,,,,,,,,,,,,,,,,
At1g71970,,,,,,,,,,,,,,,,,,,,,,,,,,,,,,,,,,,,
At1g71980,,,,,,,,,,,,,,,,,,,,,,,,,,,,,,,,,,,,
At1g70700,GO:0009753,,,,,,,,,,,,,,,,,,,,,,,,,,,,,,,,,,,
At1g74450,GO:0009555,,,,,,,,,,,,,,,,,,,,,,,,,,,,,,,,,,,
At1g74370,,,,,,,,,,,,,,,,,,,,,,,,,,,,,,,,,,,,
At1g68500,,,,,,,,,,,,,,,,,,,,,,,,,,,,,,,,,,,,
At1g68520,GO:0006355,,,,,,,,,,,,,,,,,,,,,,,,,,,,,,,,,,,
At1g63690,,,,,,,,,,,,,,,,,,,,,,,,,,,,,,,,,,,,
At1g80480,,,,,,,,,,,,,,,,,,,,,,,,,,,,,,,,,,,,
At1g80560,,,,,,,,,,,,,,,,,,,,,,,,,,,,,,,,,,,,
At1g80440,GO:0080037,GO:2000762,,,,,,,,,,,,,,,,,,,,,,,,,,,,,,,,,,
At1g63750,,,,,,,,,,,,,,,,,,,,,,,,,,,,,,,,,,,,
At1g80310,,,,,,,,,,,,,,,,,,,,,,,,,,,,,,,,,,,,
At1g70610,,,,,,,,,,,,,,,,,,,,,,,,,,,,,,,,,,,,
At1g80270,,,,,,,,,,,,,,,,,,,,,,,,,,,,,,,,,,,,
At1g69250,,,,,,,,,,,,,,,,,,,,,,,,,,,,,,,,,,,,
At1g69200,GO:0009658,GO:0009662,GO:0042793,,,,,,,,,,,,,,,,,,,,,,,,,,,,,,,,,
At1g69370,GO:0000162,GO:0009073,GO:0042742,,,,,,,,,,,,,,,,,,,,,,,,,,,,,,,,,
At1g70530,,,,,,,,,,,,,,,,,,,,,,,,,,,,,,,,,,,,
At1g73870,GO:0006355,GO:0009641,GO:0010223,GO:0045893,,,,,,,,,,,,,,,,,,,,,,,,,,,,,,,,
At1g74090,GO:0019761,,,,,,,,,,,,,,,,,,,,,,,,,,,,,,,,,,,
At1g73920,,,,,,,,,,,,,,,,,,,,,,,,,,,,,,,,,,,,
At1g69870,GO:0015706,GO:0080055,,,,,,,,,,,,,,,,,,,,,,,,,,,,,,,,,,
At1g69890,,,,,,,,,,,,,,,,,,,,,,,,,,,,,,,,,,,,
At1g69800,,,,,,,,,,,,,,,,,,,,,,,,,,,,,,,,,,,,
At1g72440,GO:0009553,GO:0010197,,,,,,,,,,,,,,,,,,,,,,,,,,,,,,,,,,
At1g72430,,,,,,,,,,,,,,,,,,,,,,,,,,,,,,,,,,,,
At1g72450,GO:0009611,GO:0009753,,,,,,,,,,,,,,,,,,,,,,,,,,,,,,,,,,
At1g10990,,,,,,,,,,,,,,,,,,,,,,,,,,,,,,,,,,,,
At1g51610,,,,,,,,,,,,,,,,,,,,,,,,,,,,,,,,,,,,
At2g41710,,,,,,,,,,,,,,,,,,,,,,,,,,,,,,,,,,,,
At1g47270,GO:0006355,GO:0009555,,,,,,,,,,,,,,,,,,,,,,,,,,,,,,,,,,
At2g43400,GO:0006552,GO:0009646,,,,,,,,,,,,,,,,,,,,,,,,,,,,,,,,,,
At2g43500,GO:0006355,,,,,,,,,,,,,,,,,,,,,,,,,,,,,,,,,,,
At2g43535,,,,,,,,,,,,,,,,,,,,,,,,,,,,,,,,,,,,
At2g43760,,,,,,,,,,,,,,,,,,,,,,,,,,,,,,,,,,,,
At2g43780,,,,,,,,,,,,,,,,,,,,,,,,,,,,,,,,,,,,
At2g43680,,,,,,,,,,,,,,,,,,,,,,,,,,,,,,,,,,,,
At1g53280,,,,,,,,,,,,,,,,,,,,,,,,,,,,,,,,,,,,
At1g62422,,,,,,,,,,,,,,,,,,,,,,,,,,,,,,,,,,,,
At1g32360,GO:0006355,,,,,,,,,,,,,,,,,,,,,,,,,,,,,,,,,,,
At1g19370,,,,,,,,,,,,,,,,,,,,,,,,,,,,,,,,,,,,
At1g19430,,,,,,,,,,,,,,,,,,,,,,,,,,,,,,,,,,,,
At1g17665,,,,,,,,,,,,,,,,,,,,,,,,,,,,,,,,,,,,
At1g32470,,,,,,,,,,,,,,,,,,,,,,,,,,,,,,,,,,,,
At1g14980,GO:0009408,,,,,,,,,,,,,,,,,,,,,,,,,,,,,,,,,,,
At1g48120,,,,,,,,,,,,,,,,,,,,,,,,,,,,,,,,,,,,
At1g48100,,,,,,,,,,,,,,,,,,,,,,,,,,,,,,,,,,,,
At1g15000,,,,,,,,,,,,,,,,,,,,,,,,,,,,,,,,,,,,
At1g49170,,,,,,,,,,,,,,,,,,,,,,,,,,,,,,,,,,,,
At1g49200,,,,,,,,,,,,,,,,,,,,,,,,,,,,,,,,,,,,
At1g49160,GO:0006468,,,,,,,,,,,,,,,,,,,,,,,,,,,,,,,,,,,
At1g43700,GO:0007231,GO:0008272,GO:0009294,GO:0009970,GO:0045596,GO:0051170,,,,,,,,,,,,,,,,,,,,,,,,,,,,,,
At1g06820,GO:0009662,,,,,,,,,,,,,,,,,,,,,,,,,,,,,,,,,,,
At1g06720,,,,,,,,,,,,,,,,,,,,,,,,,,,,,,,,,,,,
At1g21920,,,,,,,,,,,,,,,,,,,,,,,,,,,,,,,,,,,,
At1g43770,,,,,,,,,,,,,,,,,,,,,,,,,,,,,,,,,,,,
At1g43860,GO:0006355,,,,,,,,,,,,,,,,,,,,,,,,,,,,,,,,,,,
At1g21460,GO:0051260,,,,,,,,,,,,,,,,,,,,,,,,,,,,,,,,,,,
At1g21500,,,,,,,,,,,,,,,,,,,,,,,,,,,,,,,,,,,,
At1g29330,,,,,,,,,,,,,,,,,,,,,,,,,,,,,,,,,,,,
At1g02460,,,,,,,,,,,,,,,,,,,,,,,,,,,,,,,,,,,,
At1g21560,,,,,,,,,,,,,,,,,,,,,,,,,,,,,,,,,,,,
At1g45130,,,,,,,,,,,,,,,,,,,,,,,,,,,,,,,,,,,,
At1g06000,GO:0051555,,,,,,,,,,,,,,,,,,,,,,,,,,,,,,,,,,,
At1g06040,GO:0009416,GO:0010228,GO:0048573,GO:0080167,,,,,,,,,,,,,,,,,,,,,,,,,,,,,,,,
At1g26560,,,,,,,,,,,,,,,,,,,,,,,,,,,,,,,,,,,,
At1g01240,,,,,,,,,,,,,,,,,,,,,,,,,,,,,,,,,,,,
At1g17360,,,,,,,,,,,,,,,,,,,,,,,,,,,,,,,,,,,,
At1g17430,,,,,,,,,,,,,,,,,,,,,,,,,,,,,,,,,,,,
At1g01300,GO:0080167,,,,,,,,,,,,,,,,,,,,,,,,,,,,,,,,,,,
At1g01250,,,,,,,,,,,,,,,,,,,,,,,,,,,,,,,,,,,,
At1g07420,GO:0080065,,,,,,,,,,,,,,,,,,,,,,,,,,,,,,,,,,,
At1g07440,,,,,,,,,,,,,,,,,,,,,,,,,,,,,,,,,,,,
At1g07570,,,,,,,,,,,,,,,,,,,,,,,,,,,,,,,,,,,,
At1g75450,GO:0009823,,,,,,,,,,,,,,,,,,,,,,,,,,,,,,,,,,,
At1g75370,,,,,,,,,,,,,,,,,,,,,,,,,,,,,,,,,,,,
At1g75460,,,,,,,,,,,,,,,,,,,,,,,,,,,,,,,,,,,,
At1g19770,GO:0006863,,,,,,,,,,,,,,,,,,,,,,,,,,,,,,,,,,,
At1g19650,,,,,,,,,,,,,,,,,,,,,,,,,,,,,,,,,,,,
At1g04945,,,,,,,,,,,,,,,,,,,,,,,,,,,,,,,,,,,,
At1g04770,GO:0009658,GO:0010438,,,,,,,,,,,,,,,,,,,,,,,,,,,,,,,,,,
At1g32900,,,,,,,,,,,,,,,,,,,,,,,,,,,,,,,,,,,,
At1g12845,,,,,,,,,,,,,,,,,,,,,,,,,,,,,,,,,,,,
At1g12780,,,,,,,,,,,,,,,,,,,,,,,,,,,,,,,,,,,,
At1g19970,,,,,,,,,,,,,,,,,,,,,,,,,,,,,,,,,,,,
At1g20010,,,,,,,,,,,,,,,,,,,,,,,,,,,,,,,,,,,,
At1g05810,,,,,,,,,,,,,,,,,,,,,,,,,,,,,,,,,,,,
At1g26665,,,,,,,,,,,,,,,,,,,,,,,,,,,,,,,,,,,,
At1g26670,GO:0006623,GO:0046907,,,,,,,,,,,,,,,,,,,,,,,,,,,,,,,,,,
At1g48570,,,,,,,,,,,,,,,,,,,,,,,,,,,,,,,,,,,,
At1g53090,GO:0009637,,,,,,,,,,,,,,,,,,,,,,,,,,,,,,,,,,,
At1g44900,GO:0006268,GO:0009793,GO:0010082,GO:0042127,GO:0048364,,,,,,,,,,,,,,,,,,,,,,,,,,,,,,,
At1g79770,,,,,,,,,,,,,,,,,,,,,,,,,,,,,,,,,,,,
At1g79790,,,,,,,,,,,,,,,,,,,,,,,,,,,,,,,,,,,,
At1g79660,,,,,,,,,,,,,,,,,,,,,,,,,,,,,,,,,,,,
At1g41830,,,,,,,,,,,,,,,,,,,,,,,,,,,,,,,,,,,,
At1g53160,GO:0006355,GO:0010321,,,,,,,,,,,,,,,,,,,,,,,,,,,,,,,,,,
At1g05460,GO:0009616,GO:0035194,,,,,,,,,,,,,,,,,,,,,,,,,,,,,,,,,,
At1g79700,,,,,,,,,,,,,,,,,,,,,,,,,,,,,,,,,,,,
At1g79590,GO:0016192,,,,,,,,,,,,,,,,,,,,,,,,,,,,,,,,,,,
At1g07640,,,,,,,,,,,,,,,,,,,,,,,,,,,,,,,,,,,,
At1g18880,GO:0010233,GO:0090408,,,,,,,,,,,,,,,,,,,,,,,,,,,,,,,,,,
At1g18870,GO:0042372,,,,,,,,,,,,,,,,,,,,,,,,,,,,,,,,,,,
At1g18710,GO:0009651,GO:0009753,,,,,,,,,,,,,,,,,,,,,,,,,,,,,,,,,,
At1g21050,,,,,,,,,,,,,,,,,,,,,,,,,,,,,,,,,,,,
At1g71695,,,,,,,,,,,,,,,,,,,,,,,,,,,,,,,,,,,,
At1g71860,GO:0031348,GO:0035556,,,,,,,,,,,,,,,,,,,,,,,,,,,,,,,,,,
At1g01070,GO:0044746,GO:0048316,,,,,,,,,,,,,,,,,,,,,,,,,,,,,,,,,,
At1g33240,GO:0042631,GO:0045892,GO:2000037,,,,,,,,,,,,,,,,,,,,,,,,,,,,,,,,,
At1g49650,,,,,,,,,,,,,,,,,,,,,,,,,,,,,,,,,,,,
At1g49720,,,,,,,,,,,,,,,,,,,,,,,,,,,,,,,,,,,,
At1g33050,,,,,,,,,,,,,,,,,,,,,,,,,,,,,,,,,,,,
At1g01970,,,,,,,,,,,,,,,,,,,,,,,,,,,,,,,,,,,,
At1g50020,,,,,,,,,,,,,,,,,,,,,,,,,,,,,,,,,,,,
At1g18360,,,,,,,,,,,,,,,,,,,,,,,,,,,,,,,,,,,,
At1g18330,,,,,,,,,,,,,,,,,,,,,,,,,,,,,,,,,,,,
At1g76160,,,,,,,,,,,,,,,,,,,,,,,,,,,,,,,,,,,,
At1g08390,,,,,,,,,,,,,,,,,,,,,,,,,,,,,,,,,,,,
At1g08380,GO:0009767,GO:0009768,,,,,,,,,,,,,,,,,,,,,,,,,,,,,,,,,,
At1g76080,GO:0006979,GO:0009414,GO:0045454,,,,,,,,,,,,,,,,,,,,,,,,,,,,,,,,,
At1g76100,GO:0046688,,,,,,,,,,,,,,,,,,,,,,,,,,,,,,,,,,,
At1g76110,GO:0000741,GO:0006355,GO:0010197,,,,,,,,,,,,,,,,,,,,,,,,,,,,,,,,,
At1g16170,,,,,,,,,,,,,,,,,,,,,,,,,,,,,,,,,,,,
At1g30530,GO:0051555,GO:0080167,,,,,,,,,,,,,,,,,,,,,,,,,,,,,,,,,,
At1g11530,GO:0080058,,,,,,,,,,,,,,,,,,,,,,,,,,,,,,,,,,,
At1g10650,,,,,,,,,,,,,,,,,,,,,,,,,,,,,,,,,,,,
At1g15920,,,,,,,,,,,,,,,,,,,,,,,,,,,,,,,,,,,,
At1g11350,GO:0009816,GO:0046777,GO:0071446,,,,,,,,,,,,,,,,,,,,,,,,,,,,,,,,,
At1g80760,GO:0046713,GO:0080029,,,,,,,,,,,,,,,,,,,,,,,,,,,,,,,,,,
At1g80920,GO:0009416,,,,,,,,,,,,,,,,,,,,,,,,,,,,,,,,,,,
At1g65060,GO:0009611,GO:0009698,GO:0010584,GO:0050832,,,,,,,,,,,,,,,,,,,,,,,,,,,,,,,,
At1g65860,GO:0033506,,,,,,,,,,,,,,,,,,,,,,,,,,,,,,,,,,,
At1g65930,GO:0006102,GO:0006739,GO:0009651,GO:0010043,GO:0042742,GO:0046686,,,,,,,,,,,,,,,,,,,,,,,,,,,,,,
At1g65900,,,,,,,,,,,,,,,,,,,,,,,,,,,,,,,,,,,,
At1g22530,,,,,,,,,,,,,,,,,,,,,,,,,,,,,,,,,,,,
At1g64490,,,,,,,,,,,,,,,,,,,,,,,,,,,,,,,,,,,,
At1g35612,,,,,,,,,,,,,,,,,,,,,,,,,,,,,,,,,,,,
At1g79940,,,,,,,,,,,,,,,,,,,,,,,,,,,,,,,,,,,,
At1g56010,GO:0009734,GO:0010072,GO:0048527,,,,,,,,,,,,,,,,,,,,,,,,,,,,,,,,,
At1g56170,GO:0045893,,,,,,,,,,,,,,,,,,,,,,,,,,,,,,,,,,,
At1g02820,,,,,,,,,,,,,,,,,,,,,,,,,,,,,,,,,,,,
At1g59620,,,,,,,,,,,,,,,,,,,,,,,,,,,,,,,,,,,,
At1g77850,GO:0006355,GO:0009555,GO:0009653,GO:0009734,GO:0010208,GO:0048830,GO:0052543,,,,,,,,,,,,,,,,,,,,,,,,,,,,,
At1g52720,,,,,,,,,,,,,,,,,,,,,,,,,,,,,,,,,,,,
At1g78070,,,,,,,,,,,,,,,,,,,,,,,,,,,,,,,,,,,,
At1g74920,GO:0009414,GO:0009651,,,,,,,,,,,,,,,,,,,,,,,,,,,,,,,,,,
At1g77930,,,,,,,,,,,,,,,,,,,,,,,,,,,,,,,,,,,,
At1g74740,GO:0009738,,,,,,,,,,,,,,,,,,,,,,,,,,,,,,,,,,,
At1g74680,,,,,,,,,,,,,,,,,,,,,,,,,,,,,,,,,,,,
At1g48330,,,,,,,,,,,,,,,,,,,,,,,,,,,,,,,,,,,,
At1g48370,,,,,,,,,,,,,,,,,,,,,,,,,,,,,,,,,,,,
At1g68710,,,,,,,,,,,,,,,,,,,,,,,,,,,,,,,,,,,,
At1g68650,,,,,,,,,,,,,,,,,,,,,,,,,,,,,,,,,,,,
At1g68570,,,,,,,,,,,,,,,,,,,,,,,,,,,,,,,,,,,,
At1g68660,,,,,,,,,,,,,,,,,,,,,,,,,,,,,,,,,,,,
At1g70985,,,,,,,,,,,,,,,,,,,,,,,,,,,,,,,,,,,,
At1g27630,,,,,,,,,,,,,,,,,,,,,,,,,,,,,,,,,,,,
At1g70900,,,,,,,,,,,,,,,,,,,,,,,,,,,,,,,,,,,,
At1g70810,,,,,,,,,,,,,,,,,,,,,,,,,,,,,,,,,,,,
At1g72820,,,,,,,,,,,,,,,,,,,,,,,,,,,,,,,,,,,,
At1g73040,,,,,,,,,,,,,,,,,,,,,,,,,,,,,,,,,,,,
At1g73110,,,,,,,,,,,,,,,,,,,,,,,,,,,,,,,,,,,,
At1g49470,,,,,,,,,,,,,,,,,,,,,,,,,,,,,,,,,,,,
At1g49500,,,,,,,,,,,,,,,,,,,,,,,,,,,,,,,,,,,,
At1g49480,GO:0009409,GO:0034613,,,,,,,,,,,,,,,,,,,,,,,,,,,,,,,,,,
At1g34630,,,,,,,,,,,,,,,,,,,,,,,,,,,,,,,,,,,,
At1g50320,GO:0043085,,,,,,,,,,,,,,,,,,,,,,,,,,,,,,,,,,,
At1g47530,,,,,,,,,,,,,,,,,,,,,,,,,,,,,,,,,,,,
At1g11210,GO:0006979,,,,,,,,,,,,,,,,,,,,,,,,,,,,,,,,,,,
At1g11260,GO:0015749,,,,,,,,,,,,,,,,,,,,,,,,,,,,,,,,,,,
At1g21830,,,,,,,,,,,,,,,,,,,,,,,,,,,,,,,,,,,,
At1g21770,,,,,,,,,,,,,,,,,,,,,,,,,,,,,,,,,,,,
At1g21760,GO:0006417,GO:0009408,GO:0009409,,,,,,,,,,,,,,,,,,,,,,,,,,,,,,,,,
At1g21670,,,,,,,,,,,,,,,,,,,,,,,,,,,,,,,,,,,,
At1g17050,GO:0006744,GO:0010236,,,,,,,,,,,,,,,,,,,,,,,,,,,,,,,,,,
At1g17100,,,,,,,,,,,,,,,,,,,,,,,,,,,,,,,,,,,,
At1g31350,GO:0080167,,,,,,,,,,,,,,,,,,,,,,,,,,,,,,,,,,,
At1g34300,,,,,,,,,,,,,,,,,,,,,,,,,,,,,,,,,,,,
At1g15440,GO:0006364,GO:0009553,,,,,,,,,,,,,,,,,,,,,,,,,,,,,,,,,,
At1g15100,GO:0009651,GO:0009789,GO:0016567,GO:0047484,,,,,,,,,,,,,,,,,,,,,,,,,,,,,,,,
At1g15400,,,,,,,,,,,,,,,,,,,,,,,,,,,,,,,,,,,,
At1g13930,GO:0009651,GO:0009735,GO:0046686,,,,,,,,,,,,,,,,,,,,,,,,,,,,,,,,,
At1g14140,,,,,,,,,,,,,,,,,,,,,,,,,,,,,,,,,,,,
At1g06550,GO:0080167,,,,,,,,,,,,,,,,,,,,,,,,,,,,,,,,,,,
At1g06470,,,,,,,,,,,,,,,,,,,,,,,,,,,,,,,,,,,,
At1g06430,GO:0010304,,,,,,,,,,,,,,,,,,,,,,,,,,,,,,,,,,,
At1g06570,,,,,,,,,,,,,,,,,,,,,,,,,,,,,,,,,,,,
At1g62730,,,,,,,,,,,,,,,,,,,,,,,,,,,,,,,,,,,,
At1g75860,,,,,,,,,,,,,,,,,,,,,,,,,,,,,,,,,,,,
At1g43620,GO:0009813,GO:0009845,GO:0010214,GO:0016125,,,,,,,,,,,,,,,,,,,,,,,,,,,,,,,,
At1g75820,GO:0009934,,,,,,,,,,,,,,,,,,,,,,,,,,,,,,,,,,,
At1g28580,,,,,,,,,,,,,,,,,,,,,,,,,,,,,,,,,,,,
At1g13090,,,,,,,,,,,,,,,,,,,,,,,,,,,,,,,,,,,,
At1g10760,GO:0005983,GO:0009610,GO:0009631,,,,,,,,,,,,,,,,,,,,,,,,,,,,,,,,,
At1g13110,,,,,,,,,,,,,,,,,,,,,,,,,,,,,,,,,,,,
At1g21000,,,,,,,,,,,,,,,,,,,,,,,,,,,,,,,,,,,,
At1g11720,GO:0010021,,,,,,,,,,,,,,,,,,,,,,,,,,,,,,,,,,,
At1g13080,GO:0010286,,,,,,,,,,,,,,,,,,,,,,,,,,,,,,,,,,,
At1g64970,GO:0010189,,,,,,,,,,,,,,,,,,,,,,,,,,,,,,,,,,,
At1g64850,,,,,,,,,,,,,,,,,,,,,,,,,,,,,,,,,,,,
At1g64890,,,,,,,,,,,,,,,,,,,,,,,,,,,,,,,,,,,,
At1g64780,GO:0009624,GO:0015696,GO:0015843,,,,,,,,,,,,,,,,,,,,,,,,,,,,,,,,,
At1g64720,,,,,,,,,,,,,,,,,,,,,,,,,,,,,,,,,,,,
At1g79440,GO:0006540,GO:0009408,GO:0009416,GO:0009450,GO:0072593,,,,,,,,,,,,,,,,,,,,,,,,,,,,,,,
At1g59930,,,,,,,,,,,,,,,,,,,,,,,,,,,,,,,,,,,,
At1g79410,GO:0042631,GO:0070417,GO:0071472,,,,,,,,,,,,,,,,,,,,,,,,,,,,,,,,,
At1g54270,GO:0046686,,,,,,,,,,,,,,,,,,,,,,,,,,,,,,,,,,,
At1g54410,GO:0010730,,,,,,,,,,,,,,,,,,,,,,,,,,,,,,,,,,,
At1g54460,,,,,,,,,,,,,,,,,,,,,,,,,,,,,,,,,,,,
At1g23390,,,,,,,,,,,,,,,,,,,,,,,,,,,,,,,,,,,,
At1g23310,GO:0001666,GO:0009853,,,,,,,,,,,,,,,,,,,,,,,,,,,,,,,,,,
At1g54210,GO:0006914,,,,,,,,,,,,,,,,,,,,,,,,,,,,,,,,,,,
At1g23400,GO:0000373,,,,,,,,,,,,,,,,,,,,,,,,,,,,,,,,,,,
At1g23870,,,,,,,,,,,,,,,,,,,,,,,,,,,,,,,,,,,,
At2g16070,,,,,,,,,,,,,,,,,,,,,,,,,,,,,,,,,,,,
At2g05120,,,,,,,,,,,,,,,,,,,,,,,,,,,,,,,,,,,,
At1g03130,,,,,,,,,,,,,,,,,,,,,,,,,,,,,,,,,,,,
At1g78510,,,,,,,,,,,,,,,,,,,,,,,,,,,,,,,,,,,,
At1g78460,,,,,,,,,,,,,,,,,,,,,,,,,,,,,,,,,,,,
At1g78610,,,,,,,,,,,,,,,,,,,,,,,,,,,,,,,,,,,,
At1g78570,GO:0010253,GO:0010315,GO:0030154,GO:0042127,GO:0051555,,,,,,,,,,,,,,,,,,,,,,,,,,,,,,,
At1g03100,,,,,,,,,,,,,,,,,,,,,,,,,,,,,,,,,,,,
At1g54020,,,,,,,,,,,,,,,,,,,,,,,,,,,,,,,,,,,,
At2g16500,GO:0006979,GO:0009409,GO:0009651,,,,,,,,,,,,,,,,,,,,,,,,,,,,,,,,,
At2g31360,GO:0042761,,,,,,,,,,,,,,,,,,,,,,,,,,,,,,,,,,,
At2g31380,GO:0006355,GO:0010100,,,,,,,,,,,,,,,,,,,,,,,,,,,,,,,,,,
At2g31370,,,,,,,,,,,,,,,,,,,,,,,,,,,,,,,,,,,,
At2g38820,,,,,,,,,,,,,,,,,,,,,,,,,,,,,,,,,,,,
At2g38800,,,,,,,,,,,,,,,,,,,,,,,,,,,,,,,,,,,,
At2g47180,GO:0006012,GO:0006979,GO:0009408,GO:0009409,GO:0009414,GO:0009644,GO:0009651,GO:0009737,GO:0042542,,,,,,,,,,,,,,,,,,,,,,,,,,,
At2g22080,GO:0006979,,,,,,,,,,,,,,,,,,,,,,,,,,,,,,,,,,,
At2g40150,,,,,,,,,,,,,,,,,,,,,,,,,,,,,,,,,,,,
At2g04039,,,,,,,,,,,,,,,,,,,,,,,,,,,,,,,,,,,,
At2g28720,,,,,,,,,,,,,,,,,,,,,,,,,,,,,,,,,,,,
At2g17250,GO:0006364,GO:0009793,,,,,,,,,,,,,,,,,,,,,,,,,,,,,,,,,,
At2g17230,,,,,,,,,,,,,,,,,,,,,,,,,,,,,,,,,,,,
At2g31510,,,,,,,,,,,,,,,,,,,,,,,,,,,,,,,,,,,,
At2g31570,,,,,,,,,,,,,,,,,,,,,,,,,,,,,,,,,,,,
At2g22240,GO:0009408,GO:0009644,GO:0009733,GO:0009793,GO:0010264,GO:0016036,GO:0042542,GO:0042742,GO:0050832,GO:0051607,,,,,,,,,,,,,,,,,,,,,,,,,,
At2g31670,,,,,,,,,,,,,,,,,,,,,,,,,,,,,,,,,,,,
At2g22190,,,,,,,,,,,,,,,,,,,,,,,,,,,,,,,,,,,,
At2g31810,,,,,,,,,,,,,,,,,,,,,,,,,,,,,,,,,,,,
At2g31750,GO:0009850,,,,,,,,,,,,,,,,,,,,,,,,,,,,,,,,,,,
At2g42530,GO:0009409,GO:0009631,GO:0009737,GO:0010150,GO:0050832,,,,,,,,,,,,,,,,,,,,,,,,,,,,,,,
At2g42540,GO:0006970,GO:0007623,GO:0009409,GO:0009414,GO:0009416,GO:0009631,GO:0009644,GO:0009651,GO:0009667,GO:0009737,GO:0009819,GO:0010017,GO:0010150,GO:0010286,GO:0050821,GO:0050826,GO:0051259,GO:0051260,GO:0061077,,,,,,,,,,,,,,,,,
At2g42580,GO:0006970,GO:0009734,GO:0009742,GO:0010305,,,,,,,,,,,,,,,,,,,,,,,,,,,,,,,,
At2g21660,GO:0000380,GO:0006406,GO:0006970,GO:0007623,GO:0009409,GO:0009414,GO:0009651,GO:0009735,GO:0010043,GO:0010119,GO:0010228,GO:0010501,GO:0032508,GO:0045087,GO:0046686,,,,,,,,,,,,,,,,,,,,,
At2g21650,GO:0009630,GO:0009793,GO:0010114,,,,,,,,,,,,,,,,,,,,,,,,,,,,,,,,,
At2g16430,GO:0016036,,,,,,,,,,,,,,,,,,,,,,,,,,,,,,,,,,,
At2g25250,,,,,,,,,,,,,,,,,,,,,,,,,,,,,,,,,,,,
At1g04240,GO:0009733,,,,,,,,,,,,,,,,,,,,,,,,,,,,,,,,,,,
At1g04440,,,,,,,,,,,,,,,,,,,,,,,,,,,,,,,,,,,,
At1g04350,,,,,,,,,,,,,,,,,,,,,,,,,,,,,,,,,,,,
At1g04400,GO:0006325,GO:0006338,GO:0007623,GO:0009414,GO:0009416,GO:0009637,GO:0009638,GO:0009646,GO:0009909,GO:0009911,GO:0010075,GO:0010118,GO:0010244,GO:0010617,GO:0042752,GO:0046777,GO:0048574,GO:0051607,GO:0072387,GO:1901371,GO:1902347,GO:2000028,GO:2000379,,,,,,,,,,,,,
At1g09340,GO:0005996,GO:0006364,GO:0007623,GO:0009409,GO:0009611,GO:0009658,GO:0032544,GO:0042631,GO:0042742,GO:0045727,GO:0045893,,,,,,,,,,,,,,,,,,,,,,,,,
At1g59990,,,,,,,,,,,,,,,,,,,,,,,,,,,,,,,,,,,,
At1g26960,GO:0009739,,,,,,,,,,,,,,,,,,,,,,,,,,,,,,,,,,,
At1g31200,,,,,,,,,,,,,,,,,,,,,,,,,,,,,,,,,,,,
At2g21320,GO:0006355,GO:0010100,GO:0070370,GO:0071483,,,,,,,,,,,,,,,,,,,,,,,,,,,,,,,,
At2g21330,GO:0046686,,,,,,,,,,,,,,,,,,,,,,,,,,,,,,,,,,,
At2g21380,,,,,,,,,,,,,,,,,,,,,,,,,,,,,,,,,,,,
At2g21440,,,,,,,,,,,,,,,,,,,,,,,,,,,,,,,,,,,,
At2g24540,GO:0009585,GO:0010017,,,,,,,,,,,,,,,,,,,,,,,,,,,,,,,,,,
At2g24550,,,,,,,,,,,,,,,,,,,,,,,,,,,,,,,,,,,,
At2g40430,,,,,,,,,,,,,,,,,,,,,,,,,,,,,,,,,,,,
At2g40410,GO:0006308,GO:0006401,,,,,,,,,,,,,,,,,,,,,,,,,,,,,,,,,,
At2g40420,,,,,,,,,,,,,,,,,,,,,,,,,,,,,,,,,,,,
At2g36880,,,,,,,,,,,,,,,,,,,,,,,,,,,,,,,,,,,,
At2g36900,,,,,,,,,,,,,,,,,,,,,,,,,,,,,,,,,,,,
At2g36870,GO:0016998,,,,,,,,,,,,,,,,,,,,,,,,,,,,,,,,,,,
At2g36835,,,,,,,,,,,,,,,,,,,,,,,,,,,,,,,,,,,,
At2g37040,GO:0006979,GO:0009555,GO:0009819,GO:0010224,GO:0046244,GO:0046274,GO:0080167,,,,,,,,,,,,,,,,,,,,,,,,,,,,,
At2g36970,,,,,,,,,,,,,,,,,,,,,,,,,,,,,,,,,,,,
At2g21970,,,,,,,,,,,,,,,,,,,,,,,,,,,,,,,,,,,,
At2g21790,GO:0006260,GO:0009202,GO:0046686,,,,,,,,,,,,,,,,,,,,,,,,,,,,,,,,,
At2g36380,,,,,,,,,,,,,,,,,,,,,,,,,,,,,,,,,,,,
At2g36390,GO:0005982,GO:0010021,GO:0071329,GO:0071332,GO:0071333,GO:0071482,,,,,,,,,,,,,,,,,,,,,,,,,,,,,,
At2g36410,,,,,,,,,,,,,,,,,,,,,,,,,,,,,,,,,,,,
At2g36310,GO:0006152,GO:0006218,,,,,,,,,,,,,,,,,,,,,,,,,,,,,,,,,,
At2g35860,,,,,,,,,,,,,,,,,,,,,,,,,,,,,,,,,,,,
At2g35940,GO:0009610,GO:0009737,GO:0010197,GO:0010201,,,,,,,,,,,,,,,,,,,,,,,,,,,,,,,,
At2g42780,,,,,,,,,,,,,,,,,,,,,,,,,,,,,,,,,,,,
At2g42690,GO:0009650,GO:0071493,,,,,,,,,,,,,,,,,,,,,,,,,,,,,,,,,,
At2g22420,,,,,,,,,,,,,,,,,,,,,,,,,,,,,,,,,,,,
At2g22360,,,,,,,,,,,,,,,,,,,,,,,,,,,,,,,,,,,,
At2g21130,,,,,,,,,,,,,,,,,,,,,,,,,,,,,,,,,,,,
At2g21185,,,,,,,,,,,,,,,,,,,,,,,,,,,,,,,,,,,,
At2g03750,,,,,,,,,,,,,,,,,,,,,,,,,,,,,,,,,,,,
At1g78970,,,,,,,,,,,,,,,,,,,,,,,,,,,,,,,,,,,,
At1g79270,,,,,,,,,,,,,,,,,,,,,,,,,,,,,,,,,,,,
At1g02260,,,,,,,,,,,,,,,,,,,,,,,,,,,,,,,,,,,,
At1g54780,GO:0010206,,,,,,,,,,,,,,,,,,,,,,,,,,,,,,,,,,,
At1g54570,GO:0019432,GO:0033306,,,,,,,,,,,,,,,,,,,,,,,,,,,,,,,,,,
At1g54690,,,,,,,,,,,,,,,,,,,,,,,,,,,,,,,,,,,,
At1g22730,,,,,,,,,,,,,,,,,,,,,,,,,,,,,,,,,,,,
At1g22740,GO:0010089,GO:0010508,GO:0010623,GO:0048102,,,,,,,,,,,,,,,,,,,,,,,,,,,,,,,,
At1g22770,GO:0006355,GO:0007623,GO:0009409,GO:0009637,GO:0009908,GO:0010218,GO:0010378,GO:0042542,GO:0042752,GO:0048578,GO:0080167,,,,,,,,,,,,,,,,,,,,,,,,,
At1g67500,GO:0006974,GO:0071494,,,,,,,,,,,,,,,,,,,,,,,,,,,,,,,,,,
At1g54740,,,,,,,,,,,,,,,,,,,,,,,,,,,,,,,,,,,,
At1g78680,GO:0046900,,,,,,,,,,,,,,,,,,,,,,,,,,,,,,,,,,,
At1g09240,GO:0009555,GO:0009860,GO:0010233,,,,,,,,,,,,,,,,,,,,,,,,,,,,,,,,,
At1g60270,,,,,,,,,,,,,,,,,,,,,,,,,,,,,,,,,,,,
At1g78895,,,,,,,,,,,,,,,,,,,,,,,,,,,,,,,,,,,,
At1g70410,GO:0010037,GO:0010119,GO:2000122,,,,,,,,,,,,,,,,,,,,,,,,,,,,,,,,,
At1g04190,,,,,,,,,,,,,,,,,,,,,,,,,,,,,,,,,,,,
At1g04130,,,,,,,,,,,,,,,,,,,,,,,,,,,,,,,,,,,,
At1g70290,,,,,,,,,,,,,,,,,,,,,,,,,,,,,,,,,,,,
At2g25180,GO:0009414,GO:0009735,GO:0009736,GO:0010082,GO:0010380,GO:0031537,GO:0048364,GO:0048367,GO:0071368,GO:0080022,GO:0080036,GO:0080113,,,,,,,,,,,,,,,,,,,,,,,,
At2g25080,,,,,,,,,,,,,,,,,,,,,,,,,,,,,,,,,,,,
At1g11860,GO:0046686,,,,,,,,,,,,,,,,,,,,,,,,,,,,,,,,,,,
At1g10370,GO:0006749,GO:0009407,GO:0009651,GO:0009704,GO:0048527,GO:0060416,GO:0080148,GO:0080167,,,,,,,,,,,,,,,,,,,,,,,,,,,,
At1g27290,,,,,,,,,,,,,,,,,,,,,,,,,,,,,,,,,,,,
At1g10200,GO:0051017,,,,,,,,,,,,,,,,,,,,,,,,,,,,,,,,,,,
At1g10150,,,,,,,,,,,,,,,,,,,,,,,,,,,,,,,,,,,,
At1g77210,,,,,,,,,,,,,,,,,,,,,,,,,,,,,,,,,,,,
At1g09390,,,,,,,,,,,,,,,,,,,,,,,,,,,,,,,,,,,,
At1g09570,GO:0009630,GO:0009638,GO:0009640,GO:0010161,GO:0010201,GO:0010203,GO:0017148,GO:0046685,,,,,,,,,,,,,,,,,,,,,,,,,,,,
At1g09350,GO:0006979,GO:0009409,,,,,,,,,,,,,,,,,,,,,,,,,,,,,,,,,,
At1g10090,,,,,,,,,,,,,,,,,,,,,,,,,,,,,,,,,,,,
At1g05170,,,,,,,,,,,,,,,,,,,,,,,,,,,,,,,,,,,,
At1g05200,GO:0006816,GO:0009611,GO:0019722,GO:0070417,GO:0071215,GO:0071230,GO:0071260,GO:0071311,,,,,,,,,,,,,,,,,,,,,,,,,,,,
At1g04550,GO:0009880,GO:0010051,GO:0045892,GO:0048364,,,,,,,,,,,,,,,,,,,,,,,,,,,,,,,,
At1g65490,,,,,,,,,,,,,,,,,,,,,,,,,,,,,,,,,,,,
At1g65560,,,,,,,,,,,,,,,,,,,,,,,,,,,,,,,,,,,,
At1g08980,GO:0009684,,,,,,,,,,,,,,,,,,,,,,,,,,,,,,,,,,,
At1g09780,GO:0009409,GO:0009555,GO:0010118,GO:0046686,,,,,,,,,,,,,,,,,,,,,,,,,,,,,,,,
At1g09750,GO:0009627,,,,,,,,,,,,,,,,,,,,,,,,,,,,,,,,,,,
At1g09870,,,,,,,,,,,,,,,,,,,,,,,,,,,,,,,,,,,,
At1g62150,,,,,,,,,,,,,,,,,,,,,,,,,,,,,,,,,,,,
At1g61380,GO:0032497,GO:0045087,GO:0046777,GO:0052033,,,,,,,,,,,,,,,,,,,,,,,,,,,,,,,,
At1g22930,,,,,,,,,,,,,,,,,,,,,,,,,,,,,,,,,,,,
At1g22890,,,,,,,,,,,,,,,,,,,,,,,,,,,,,,,,,,,,
At2g17840,GO:0009409,GO:0009414,GO:0009644,GO:0009651,,,,,,,,,,,,,,,,,,,,,,,,,,,,,,,,
At1g08580,,,,,,,,,,,,,,,,,,,,,,,,,,,,,,,,,,,,
At1g03530,,,,,,,,,,,,,,,,,,,,,,,,,,,,,,,,,,,,
At1g03610,,,,,,,,,,,,,,,,,,,,,,,,,,,,,,,,,,,,
At1g03600,GO:0010206,,,,,,,,,,,,,,,,,,,,,,,,,,,,,,,,,,,
At2g17450,,,,,,,,,,,,,,,,,,,,,,,,,,,,,,,,,,,,
At1g24280,GO:0006006,GO:0009051,,,,,,,,,,,,,,,,,,,,,,,,,,,,,,,,,,
At1g23140,,,,,,,,,,,,,,,,,,,,,,,,,,,,,,,,,,,,
At1g23100,,,,,,,,,,,,,,,,,,,,,,,,,,,,,,,,,,,,
At2g17280,,,,,,,,,,,,,,,,,,,,,,,,,,,,,,,,,,,,
At1g60800,,,,,,,,,,,,,,,,,,,,,,,,,,,,,,,,,,,,
At1g67360,GO:0034389,GO:0045927,GO:0080186,GO:1902584,,,,,,,,,,,,,,,,,,,,,,,,,,,,,,,,
At1g27150,,,,,,,,,,,,,,,,,,,,,,,,,,,,,,,,,,,,
At1g27200,,,,,,,,,,,,,,,,,,,,,,,,,,,,,,,,,,,,
At1g67300,,,,,,,,,,,,,,,,,,,,,,,,,,,,,,,,,,,,
At1g55500,,,,,,,,,,,,,,,,,,,,,,,,,,,,,,,,,,,,
At1g04010,GO:0010150,GO:0016127,GO:0034434,,,,,,,,,,,,,,,,,,,,,,,,,,,,,,,,,
At1g62480,GO:0009651,GO:0046686,,,,,,,,,,,,,,,,,,,,,,,,,,,,,,,,,,
At1g62570,GO:0019761,,,,,,,,,,,,,,,,,,,,,,,,,,,,,,,,,,,
At1g62560,GO:0019761,,,,,,,,,,,,,,,,,,,,,,,,,,,,,,,,,,,
At1g51270,,,,,,,,,,,,,,,,,,,,,,,,,,,,,,,,,,,,
At1g51400,GO:0009611,GO:0010193,GO:0010224,,,,,,,,,,,,,,,,,,,,,,,,,,,,,,,,,
At1g30960,,,,,,,,,,,,,,,,,,,,,,,,,,,,,,,,,,,,
At1g23480,,,,,,,,,,,,,,,,,,,,,,,,,,,,,,,,,,,,
At2g36630,,,,,,,,,,,,,,,,,,,,,,,,,,,,,,,,,,,,
At1g05000,,,,,,,,,,,,,,,,,,,,,,,,,,,,,,,,,,,,
At2g01940,,,,,,,,,,,,,,,,,,,,,,,,,,,,,,,,,,,,
At2g28370,,,,,,,,,,,,,,,,,,,,,,,,,,,,,,,,,,,,
At2g18280,GO:0006355,GO:0009620,,,,,,,,,,,,,,,,,,,,,,,,,,,,,,,,,,
At2g18220,,,,,,,,,,,,,,,,,,,,,,,,,,,,,,,,,,,,
At2g18350,,,,,,,,,,,,,,,,,,,,,,,,,,,,,,,,,,,,
At2g22660,GO:0009787,GO:0071470,,,,,,,,,,,,,,,,,,,,,,,,,,,,,,,,,,
At2g16720,GO:0009651,GO:0009751,GO:1900384,,,,,,,,,,,,,,,,,,,,,,,,,,,,,,,,,
At2g06520,,,,,,,,,,,,,,,,,,,,,,,,,,,,,,,,,,,,
At2g37120,,,,,,,,,,,,,,,,,,,,,,,,,,,,,,,,,,,,
At2g20840,,,,,,,,,,,,,,,,,,,,,,,,,,,,,,,,,,,,
At2g20740,,,,,,,,,,,,,,,,,,,,,,,,,,,,,,,,,,,,
At2g20750,,,,,,,,,,,,,,,,,,,,,,,,,,,,,,,,,,,,
At2g46490,,,,,,,,,,,,,,,,,,,,,,,,,,,,,,,,,,,,
At2g46550,,,,,,,,,,,,,,,,,,,,,,,,,,,,,,,,,,,,
At2g37080,,,,,,,,,,,,,,,,,,,,,,,,,,,,,,,,,,,,
At2g15580,,,,,,,,,,,,,,,,,,,,,,,,,,,,,,,,,,,,
At2g15690,,,,,,,,,,,,,,,,,,,,,,,,,,,,,,,,,,,,
At2g15570,GO:0010497,GO:0010647,GO:0045454,GO:0048509,,,,,,,,,,,,,,,,,,,,,,,,,,,,,,,,
At2g15970,GO:0009631,GO:0009737,GO:0042631,,,,,,,,,,,,,,,,,,,,,,,,,,,,,,,,,
At2g15960,,,,,,,,,,,,,,,,,,,,,,,,,,,,,,,,,,,,
At2g15680,,,,,,,,,,,,,,,,,,,,,,,,,,,,,,,,,,,,
At2g05540,,,,,,,,,,,,,,,,,,,,,,,,,,,,,,,,,,,,
At2g25450,GO:0010439,GO:0019761,,,,,,,,,,,,,,,,,,,,,,,,,,,,,,,,,,
At2g40110,,,,,,,,,,,,,,,,,,,,,,,,,,,,,,,,,,,,
At2g32220,,,,,,,,,,,,,,,,,,,,,,,,,,,,,,,,,,,,
At2g01680,,,,,,,,,,,,,,,,,,,,,,,,,,,,,,,,,,,,
At2g42490,,,,,,,,,,,,,,,,,,,,,,,,,,,,,,,,,,,,
At2g42320,,,,,,,,,,,,,,,,,,,,,,,,,,,,,,,,,,,,
At2g25620,GO:0050688,,,,,,,,,,,,,,,,,,,,,,,,,,,,,,,,,,,
At2g18520,,,,,,,,,,,,,,,,,,,,,,,,,,,,,,,,,,,,
At2g19580,,,,,,,,,,,,,,,,,,,,,,,,,,,,,,,,,,,,
At2g37400,,,,,,,,,,,,,,,,,,,,,,,,,,,,,,,,,,,,
At2g37510,,,,,,,,,,,,,,,,,,,,,,,,,,,,,,,,,,,,
At2g24220,GO:0006863,,,,,,,,,,,,,,,,,,,,,,,,,,,,,,,,,,,
At2g24100,,,,,,,,,,,,,,,,,,,,,,,,,,,,,,,,,,,,
At2g38010,,,,,,,,,,,,,,,,,,,,,,,,,,,,,,,,,,,,
At2g37920,,,,,,,,,,,,,,,,,,,,,,,,,,,,,,,,,,,,
At2g37970,GO:0010017,,,,,,,,,,,,,,,,,,,,,,,,,,,,,,,,,,,
At2g38040,,,,,,,,,,,,,,,,,,,,,,,,,,,,,,,,,,,,
At2g02100,,,,,,,,,,,,,,,,,,,,,,,,,,,,,,,,,,,,
At2g39010,GO:0009624,,,,,,,,,,,,,,,,,,,,,,,,,,,,,,,,,,,
At2g39000,GO:0006474,,,,,,,,,,,,,,,,,,,,,,,,,,,,,,,,,,,
At2g02410,,,,,,,,,,,,,,,,,,,,,,,,,,,,,,,,,,,,
At2g28900,GO:0009409,GO:0009611,GO:0009744,GO:0009749,GO:0009753,GO:0045037,,,,,,,,,,,,,,,,,,,,,,,,,,,,,,
At2g29400,,,,,,,,,,,,,,,,,,,,,,,,,,,,,,,,,,,,
At2g01420,GO:0009926,GO:0048364,,,,,,,,,,,,,,,,,,,,,,,,,,,,,,,,,,
At2g27050,GO:0009723,GO:0009873,GO:0042742,GO:0071281,,,,,,,,,,,,,,,,,,,,,,,,,,,,,,,,
At2g26980,,,,,,,,,,,,,,,,,,,,,,,,,,,,,,,,,,,,
At2g32290,,,,,,,,,,,,,,,,,,,,,,,,,,,,,,,,,,,,
At2g43100,GO:0019761,,,,,,,,,,,,,,,,,,,,,,,,,,,,,,,,,,,
At2g38670,GO:0006646,,,,,,,,,,,,,,,,,,,,,,,,,,,,,,,,,,,
At2g41330,,,,,,,,,,,,,,,,,,,,,,,,,,,,,,,,,,,,
At2g07180,,,,,,,,,,,,,,,,,,,,,,,,,,,,,,,,,,,,
At2g47710,,,,,,,,,,,,,,,,,,,,,,,,,,,,,,,,,,,,
At2g47930,GO:0080167,,,,,,,,,,,,,,,,,,,,,,,,,,,,,,,,,,,
At2g31070,GO:0006355,GO:0009965,GO:0030154,GO:0045962,GO:0048366,,,,,,,,,,,,,,,,,,,,,,,,,,,,,,,
At2g47910,GO:0010275,,,,,,,,,,,,,,,,,,,,,,,,,,,,,,,,,,,
At2g47990,GO:0006364,GO:0009553,GO:0009561,,,,,,,,,,,,,,,,,,,,,,,,,,,,,,,,,
At2g47700,,,,,,,,,,,,,,,,,,,,,,,,,,,,,,,,,,,,
At2g47890,GO:0006355,,,,,,,,,,,,,,,,,,,,,,,,,,,,,,,,,,,
At2g16890,,,,,,,,,,,,,,,,,,,,,,,,,,,,,,,,,,,,
At2g46330,,,,,,,,,,,,,,,,,,,,,,,,,,,,,,,,,,,,
At2g46170,GO:0080167,,,,,,,,,,,,,,,,,,,,,,,,,,,,,,,,,,,
At2g23910,GO:0080167,,,,,,,,,,,,,,,,,,,,,,,,,,,,,,,,,,,
At2g46260,GO:0010114,,,,,,,,,,,,,,,,,,,,,,,,,,,,,,,,,,,
At2g46220,,,,,,,,,,,,,,,,,,,,,,,,,,,,,,,,,,,,
At2g46030,GO:0006511,,,,,,,,,,,,,,,,,,,,,,,,,,,,,,,,,,,
At2g14860,,,,,,,,,,,,,,,,,,,,,,,,,,,,,,,,,,,,
At2g25900,GO:0006355,GO:0061157,,,,,,,,,,,,,,,,,,,,,,,,,,,,,,,,,,
At2g25735,,,,,,,,,,,,,,,,,,,,,,,,,,,,,,,,,,,,
At2g29760,GO:0031425,,,,,,,,,,,,,,,,,,,,,,,,,,,,,,,,,,,
At2g29690,,,,,,,,,,,,,,,,,,,,,,,,,,,,,,,,,,,,
At2g19760,GO:0008154,GO:0009826,GO:0010229,GO:0048366,GO:0048527,,,,,,,,,,,,,,,,,,,,,,,,,,,,,,,
At2g03310,,,,,,,,,,,,,,,,,,,,,,,,,,,,,,,,,,,,
At2g46735,,,,,,,,,,,,,,,,,,,,,,,,,,,,,,,,,,,,
At2g46830,GO:0007623,GO:0009409,GO:0009651,GO:0009723,GO:0009733,GO:0009737,GO:0009739,GO:0009751,GO:0009753,GO:0010243,GO:0042754,GO:0043496,GO:0045892,GO:0045893,GO:0046686,GO:0048574,,,,,,,,,,,,,,,,,,,,
At2g46900,,,,,,,,,,,,,,,,,,,,,,,,,,,,,,,,,,,,
At2g02950,GO:0009585,GO:0009638,GO:0009958,GO:0010017,GO:0010114,GO:0010218,,,,,,,,,,,,,,,,,,,,,,,,,,,,,,
At2g22840,GO:0009624,GO:0048364,GO:0061062,,,,,,,,,,,,,,,,,,,,,,,,,,,,,,,,,
At2g30000,,,,,,,,,,,,,,,,,,,,,,,,,,,,,,,,,,,,
At2g44940,,,,,,,,,,,,,,,,,,,,,,,,,,,,,,,,,,,,
At2g44670,,,,,,,,,,,,,,,,,,,,,,,,,,,,,,,,,,,,
At2g34560,,,,,,,,,,,,,,,,,,,,,,,,,,,,,,,,,,,,
At2g45740,GO:0007031,GO:0016559,GO:0044375,,,,,,,,,,,,,,,,,,,,,,,,,,,,,,,,,
At2g45960,,,,,,,,,,,,,,,,,,,,,,,,,,,,,,,,,,,,
At2g18900,,,,,,,,,,,,,,,,,,,,,,,,,,,,,,,,,,,,
At2g18960,GO:0009414,GO:0009737,GO:0010119,GO:0015991,GO:0015992,,,,,,,,,,,,,,,,,,,,,,,,,,,,,,,
At2g18890,,,,,,,,,,,,,,,,,,,,,,,,,,,,,,,,,,,,
At2g34630,,,,,,,,,,,,,,,,,,,,,,,,,,,,,,,,,,,,
At2g39450,GO:0010042,GO:0030026,GO:0046688,,,,,,,,,,,,,,,,,,,,,,,,,,,,,,,,,
At2g39400,,,,,,,,,,,,,,,,,,,,,,,,,,,,,,,,,,,,
At2g39570,,,,,,,,,,,,,,,,,,,,,,,,,,,,,,,,,,,,
At2g34310,,,,,,,,,,,,,,,,,,,,,,,,,,,,,,,,,,,,
At2g34470,GO:0006807,GO:0043085,,,,,,,,,,,,,,,,,,,,,,,,,,,,,,,,,,
At2g38310,GO:0009738,,,,,,,,,,,,,,,,,,,,,,,,,,,,,,,,,,,
At2g38465,,,,,,,,,,,,,,,,,,,,,,,,,,,,,,,,,,,,
At2g34357,,,,,,,,,,,,,,,,,,,,,,,,,,,,,,,,,,,,
At2g41040,GO:0080167,,,,,,,,,,,,,,,,,,,,,,,,,,,,,,,,,,,
At2g41010,GO:0009414,GO:0009651,GO:0010337,,,,,,,,,,,,,,,,,,,,,,,,,,,,,,,,,
At2g38280,GO:0009737,GO:0009793,,,,,,,,,,,,,,,,,,,,,,,,,,,,,,,,,,
At2g41460,GO:0045893,,,,,,,,,,,,,,,,,,,,,,,,,,,,,,,,,,,
At2g41490,,,,,,,,,,,,,,,,,,,,,,,,,,,,,,,,,,,,
At2g41430,GO:0009617,GO:0009644,,,,,,,,,,,,,,,,,,,,,,,,,,,,,,,,,,
At2g14750,GO:0016310,,,,,,,,,,,,,,,,,,,,,,,,,,,,,,,,,,,
At2g23610,,,,,,,,,,,,,,,,,,,,,,,,,,,,,,,,,,,,
At2g31010,,,,,,,,,,,,,,,,,,,,,,,,,,,,,,,,,,,,
At2g43970,,,,,,,,,,,,,,,,,,,,,,,,,,,,,,,,,,,,
At2g44130,GO:2000762,,,,,,,,,,,,,,,,,,,,,,,,,,,,,,,,,,,
At2g22990,,,,,,,,,,,,,,,,,,,,,,,,,,,,,,,,,,,,
At2g22980,,,,,,,,,,,,,,,,,,,,,,,,,,,,,,,,,,,,
At2g30160,,,,,,,,,,,,,,,,,,,,,,,,,,,,,,,,,,,,
At2g19450,GO:0005975,GO:0007568,GO:0009409,GO:0009651,GO:0009737,GO:0009749,GO:0009793,GO:0010029,GO:0010030,GO:0019432,GO:0045995,,,,,,,,,,,,,,,,,,,,,,,,,
At2g30070,,,,,,,,,,,,,,,,,,,,,,,,,,,,,,,,,,,,
At2g19310,GO:0006979,GO:0009408,GO:0009644,GO:0042542,,,,,,,,,,,,,,,,,,,,,,,,,,,,,,,,
At2g39940,GO:0006952,GO:0009611,GO:0009625,GO:0009641,GO:0009753,GO:0009861,GO:0009867,GO:0009901,GO:0009909,GO:0010118,GO:0010218,GO:0031146,GO:0031348,GO:0042742,GO:0050832,,,,,,,,,,,,,,,,,,,,,
At2g39950,,,,,,,,,,,,,,,,,,,,,,,,,,,,,,,,,,,,
At2g39930,GO:0010021,,,,,,,,,,,,,,,,,,,,,,,,,,,,,,,,,,,
At2g39890,GO:0015824,,,,,,,,,,,,,,,,,,,,,,,,,,,,,,,,,,,
At2g40080,GO:0009648,GO:0009649,GO:0009909,GO:0010017,GO:0010114,GO:0042753,GO:0048573,GO:0080167,,,,,,,,,,,,,,,,,,,,,,,,,,,,
At2g44210,,,,,,,,,,,,,,,,,,,,,,,,,,,,,,,,,,,,
At2g26300,GO:0001789,GO:0006571,GO:0008219,GO:0009094,GO:0009738,GO:0009740,GO:0009749,GO:0009785,GO:0009788,GO:0009789,GO:0009845,GO:0010027,GO:0010119,GO:0010244,GO:0042127,GO:0071215,GO:0072593,,,,,,,,,,,,,,,,,,,
At2g26200,,,,,,,,,,,,,,,,,,,,,,,,,,,,,,,,,,,,
At2g34930,GO:0050832,,,,,,,,,,,,,,,,,,,,,,,,,,,,,,,,,,,
At2g35040,GO:0009409,,,,,,,,,,,,,,,,,,,,,,,,,,,,,,,,,,,
At2g35060,,,,,,,,,,,,,,,,,,,,,,,,,,,,,,,,,,,,
At2g34810,GO:0009611,GO:0009753,,,,,,,,,,,,,,,,,,,,,,,,,,,,,,,,,,
At2g30490,GO:0006744,GO:0009555,GO:0009698,GO:0009808,GO:0032502,GO:0040007,GO:0080167,,,,,,,,,,,,,,,,,,,,,,,,,,,,,
At2g02710,,,,,,,,,,,,,,,,,,,,,,,,,,,,,,,,,,,,
At2g42040,,,,,,,,,,,,,,,,,,,,,,,,,,,,,,,,,,,,
At2g41870,,,,,,,,,,,,,,,,,,,,,,,,,,,,,,,,,,,,
At2g32760,,,,,,,,,,,,,,,,,,,,,,,,,,,,,,,,,,,,
At2g45590,,,,,,,,,,,,,,,,,,,,,,,,,,,,,,,,,,,,
At2g30790,,,,,,,,,,,,,,,,,,,,,,,,,,,,,,,,,,,,
At2g33040,,,,,,,,,,,,,,,,,,,,,,,,,,,,,,,,,,,,
At2g42220,,,,,,,,,,,,,,,,,,,,,,,,,,,,,,,,,,,,
