AT2G26510,,,,,,,,,,,,,,,,,,,,,,,,,,,,,,,,,,,,
AT2G39780,,,,,,,,,,,,,,,,,,,,,,,,,,,,,,,,,,,,
AT2G40900,GO:0048316,,,,,,,,,,,,,,,,,,,,,,,,,,,,,,,,,,,
AT2G40950,GO:0006355,GO:0042538,GO:0045893,,,,,,,,,,,,,,,,,,,,,,,,,,,,,,,,,
AT2G41630,,,,,,,,,,,,,,,,,,,,,,,,,,,,,,,,,,,,
AT2G47450,,,,,,,,,,,,,,,,,,,,,,,,,,,,,,,,,,,,
AT2G47490,,,,,,,,,,,,,,,,,,,,,,,,,,,,,,,,,,,,
AT1G67740,,,,,,,,,,,,,,,,,,,,,,,,,,,,,,,,,,,,
AT1G67730,GO:0009793,GO:0042761,,,,,,,,,,,,,,,,,,,,,,,,,,,,,,,,,,
AT4G15440,GO:0009611,,,,,,,,,,,,,,,,,,,,,,,,,,,,,,,,,,,
AT4G16780,GO:0010017,GO:0009735,GO:0009641,GO:0048364,GO:0009826,GO:0009733,GO:0008283,GO:0045892,GO:0010218,,,,,,,,,,,,,,,,,,,,,,,,,,,
AT4G15560,,,,,,,,,,,,,,,,,,,,,,,,,,,,,,,,,,,,
AT4G17530,GO:0009555,GO:0009860,,,,,,,,,,,,,,,,,,,,,,,,,,,,,,,,,,
AT4G14690,GO:0010114,GO:0010117,GO:0010030,GO:0010224,GO:0010380,GO:0034605,GO:0071483,GO:0010218,,,,,,,,,,,,,,,,,,,,,,,,,,,,
AT4G17260,GO:0009651,GO:0009737,,,,,,,,,,,,,,,,,,,,,,,,,,,,,,,,,,
AT4G16515,,,,,,,,,,,,,,,,,,,,,,,,,,,,,,,,,,,,
AT4G17090,GO:0005983,GO:0009409,,,,,,,,,,,,,,,,,,,,,,,,,,,,,,,,,,
AT4G13940,GO:0009793,,,,,,,,,,,,,,,,,,,,,,,,,,,,,,,,,,,
AT4G14560,GO:0009733,,,,,,,,,,,,,,,,,,,,,,,,,,,,,,,,,,,
AT4G17550,,,,,,,,,,,,,,,,,,,,,,,,,,,,,,,,,,,,
AT4G16390,GO:0009658,GO:0045727,,,,,,,,,,,,,,,,,,,,,,,,,,,,,,,,,,
AT4G15920,GO:0007623,GO:0009646,GO:0070417,GO:0009750,GO:0051260,,,,,,,,,,,,,,,,,,,,,,,,,,,,,,,
AT4G15130,,,,,,,,,,,,,,,,,,,,,,,,,,,,,,,,,,,,
AT4G14550,GO:0045892,GO:0009733,,,,,,,,,,,,,,,,,,,,,,,,,,,,,,,,,,
AT1G25275,GO:0080167,,,,,,,,,,,,,,,,,,,,,,,,,,,,,,,,,,,
AT1G51140,GO:0006355,GO:0010119,GO:0042335,GO:0048573,,,,,,,,,,,,,,,,,,,,,,,,,,,,,,,,
AT1G51090,GO:0050832,,,,,,,,,,,,,,,,,,,,,,,,,,,,,,,,,,,
AT5G09420,,,,,,,,,,,,,,,,,,,,,,,,,,,,,,,,,,,,
AT5G09440,GO:0050832,,,,,,,,,,,,,,,,,,,,,,,,,,,,,,,,,,,
AT5G13110,GO:0006006,GO:0009051,,,,,,,,,,,,,,,,,,,,,,,,,,,,,,,,,,
AT5G20830,GO:0046686,GO:0009414,GO:0009409,GO:0001666,GO:0009749,GO:0006970,GO:0009744,,,,,,,,,,,,,,,,,,,,,,,,,,,,,
AT5G08330,GO:0042752,GO:0006355,,,,,,,,,,,,,,,,,,,,,,,,,,,,,,,,,,
AT5G20280,,,,,,,,,,,,,,,,,,,,,,,,,,,,,,,,,,,,
AT5G19875,GO:0006979,,,,,,,,,,,,,,,,,,,,,,,,,,,,,,,,,,,
AT4G37260,GO:0009723,GO:0009737,GO:0009751,GO:0009753,GO:0010200,GO:0046686,,,,,,,,,,,,,,,,,,,,,,,,,,,,,,
AT3G51895,,,,,,,,,,,,,,,,,,,,,,,,,,,,,,,,,,,,
AT5G16760,GO:0010264,,,,,,,,,,,,,,,,,,,,,,,,,,,,,,,,,,,
AT5G17050,GO:0080167,,,,,,,,,,,,,,,,,,,,,,,,,,,,,,,,,,,
AT5G15850,GO:0009909,,,,,,,,,,,,,,,,,,,,,,,,,,,,,,,,,,,
AT5G15090,GO:0009735,GO:0009409,GO:0042742,GO:0010029,GO:0009617,,,,,,,,,,,,,,,,,,,,,,,,,,,,,,,
AT5G14920,GO:0009651,GO:0009737,GO:0009739,GO:2000377,,,,,,,,,,,,,,,,,,,,,,,,,,,,,,,,
AT5G15450,GO:0009408,GO:0009658,,,,,,,,,,,,,,,,,,,,,,,,,,,,,,,,,,
AT5G15580,,,,,,,,,,,,,,,,,,,,,,,,,,,,,,,,,,,,
AT5G14940,GO:0009624,,,,,,,,,,,,,,,,,,,,,,,,,,,,,,,,,,,
AT5G14760,,,,,,,,,,,,,,,,,,,,,,,,,,,,,,,,,,,,
AT1G48920,GO:0048364,GO:0048367,GO:0006364,GO:0048366,GO:0010305,,,,,,,,,,,,,,,,,,,,,,,,,,,,,,,
AT5G27930,,,,,,,,,,,,,,,,,,,,,,,,,,,,,,,,,,,,
AT5G27380,GO:0009753,,,,,,,,,,,,,,,,,,,,,,,,,,,,,,,,,,,
AT5G25900,GO:0009740,,,,,,,,,,,,,,,,,,,,,,,,,,,,,,,,,,,
AT5G26220,GO:0046686,,,,,,,,,,,,,,,,,,,,,,,,,,,,,,,,,,,
AT5G25110,GO:0050832,,,,,,,,,,,,,,,,,,,,,,,,,,,,,,,,,,,
AT5G25190,GO:0009873,,,,,,,,,,,,,,,,,,,,,,,,,,,,,,,,,,,
AT5G24800,,,,,,,,,,,,,,,,,,,,,,,,,,,,,,,,,,,,
AT5G67580,GO:0009651,GO:0009723,GO:0009733,GO:0009737,GO:0009739,GO:0009751,GO:0009753,GO:0046686,,,,,,,,,,,,,,,,,,,,,,,,,,,,
AT5G67480,GO:0009611,GO:0009651,GO:0009751,GO:0009753,GO:0042542,,,,,,,,,,,,,,,,,,,,,,,,,,,,,,,
AT5G67030,GO:0009414,GO:0010114,GO:0010182,GO:0009408,,,,,,,,,,,,,,,,,,,,,,,,,,,,,,,,
AT5G67210,,,,,,,,,,,,,,,,,,,,,,,,,,,,,,,,,,,,
AT5G66880,GO:0006970,GO:0009414,GO:0009651,GO:0009737,GO:0009738,GO:0009739,GO:0010029,,,,,,,,,,,,,,,,,,,,,,,,,,,,,
AT5G66680,GO:0009826,,,,,,,,,,,,,,,,,,,,,,,,,,,,,,,,,,,
AT5G65210,GO:0042742,,,,,,,,,,,,,,,,,,,,,,,,,,,,,,,,,,,
AT5G64920,GO:0016567,,,,,,,,,,,,,,,,,,,,,,,,,,,,,,,,,,,
AT5G64620,GO:0080167,,,,,,,,,,,,,,,,,,,,,,,,,,,,,,,,,,,
AT5G63910,GO:0009738,,,,,,,,,,,,,,,,,,,,,,,,,,,,,,,,,,,
AT5G63800,,,,,,,,,,,,,,,,,,,,,,,,,,,,,,,,,,,,
AT5G63380,,,,,,,,,,,,,,,,,,,,,,,,,,,,,,,,,,,,
AT5G62530,GO:0072593,GO:0009651,,,,,,,,,,,,,,,,,,,,,,,,,,,,,,,,,,
AT5G62430,GO:0006355,GO:0009658,GO:0045892,GO:0048510,,,,,,,,,,,,,,,,,,,,,,,,,,,,,,,,
AT5G62440,GO:0009793,,,,,,,,,,,,,,,,,,,,,,,,,,,,,,,,,,,
AT5G62210,GO:0080167,,,,,,,,,,,,,,,,,,,,,,,,,,,,,,,,,,,
AT5G62220,,,,,,,,,,,,,,,,,,,,,,,,,,,,,,,,,,,,
AT5G61810,,,,,,,,,,,,,,,,,,,,,,,,,,,,,,,,,,,,
AT5G61380,GO:0007623,GO:0006355,,,,,,,,,,,,,,,,,,,,,,,,,,,,,,,,,,
AT5G61580,,,,,,,,,,,,,,,,,,,,,,,,,,,,,,,,,,,,
AT5G61590,GO:0009414,GO:0045893,,,,,,,,,,,,,,,,,,,,,,,,,,,,,,,,,,
AT5G61030,GO:0009409,,,,,,,,,,,,,,,,,,,,,,,,,,,,,,,,,,,
AT5G60890,GO:0009753,GO:0010438,GO:0045893,,,,,,,,,,,,,,,,,,,,,,,,,,,,,,,,,
AT5G58960,,,,,,,,,,,,,,,,,,,,,,,,,,,,,,,,,,,,
AT5G59080,GO:0006979,,,,,,,,,,,,,,,,,,,,,,,,,,,,,,,,,,,
AT5G58600,GO:0009620,,,,,,,,,,,,,,,,,,,,,,,,,,,,,,,,,,,
AT5G58710,GO:0048364,,,,,,,,,,,,,,,,,,,,,,,,,,,,,,,,,,,
AT5G58260,,,,,,,,,,,,,,,,,,,,,,,,,,,,,,,,,,,,
AT5G58130,,,,,,,,,,,,,,,,,,,,,,,,,,,,,,,,,,,,
AT5G58070,,,,,,,,,,,,,,,,,,,,,,,,,,,,,,,,,,,,
AT5G57660,GO:0006355,,,,,,,,,,,,,,,,,,,,,,,,,,,,,,,,,,,
AT5G57110,GO:0009624,,,,,,,,,,,,,,,,,,,,,,,,,,,,,,,,,,,
AT5G56360,GO:0042742,,,,,,,,,,,,,,,,,,,,,,,,,,,,,,,,,,,
AT5G56030,,,,,,,,,,,,,,,,,,,,,,,,,,,,,,,,,,,,
AT5G55120,GO:0010193,GO:0009753,,,,,,,,,,,,,,,,,,,,,,,,,,,,,,,,,,
AT5G54960,GO:0001666,,,,,,,,,,,,,,,,,,,,,,,,,,,,,,,,,,,
AT5G54470,GO:0006355,GO:0009409,GO:0009555,,,,,,,,,,,,,,,,,,,,,,,,,,,,,,,,,
AT5G54630,GO:0006355,,,,,,,,,,,,,,,,,,,,,,,,,,,,,,,,,,,
AT5G54060,GO:0071368,,,,,,,,,,,,,,,,,,,,,,,,,,,,,,,,,,,
AT5G53970,GO:0010189,,,,,,,,,,,,,,,,,,,,,,,,,,,,,,,,,,,
AT5G53200,GO:0006355,,,,,,,,,,,,,,,,,,,,,,,,,,,,,,,,,,,
AT5G53400,GO:0009555,GO:0010286,GO:0009735,GO:0009965,GO:0009408,,,,,,,,,,,,,,,,,,,,,,,,,,,,,,,
AT5G53280,,,,,,,,,,,,,,,,,,,,,,,,,,,,,,,,,,,,
AT5G53160,GO:0009737,GO:0009738,GO:0009789,,,,,,,,,,,,,,,,,,,,,,,,,,,,,,,,,
AT5G53170,GO:0009644,GO:0009408,,,,,,,,,,,,,,,,,,,,,,,,,,,,,,,,,,
AT5G52570,,,,,,,,,,,,,,,,,,,,,,,,,,,,,,,,,,,,
AT5G52310,GO:0006970,GO:0009409,GO:0009414,GO:0009651,GO:0009737,GO:0010150,GO:0042538,,,,,,,,,,,,,,,,,,,,,,,,,,,,,
AT5G52520,GO:0009553,GO:0048316,,,,,,,,,,,,,,,,,,,,,,,,,,,,,,,,,,
AT5G50720,GO:0009409,GO:0009414,GO:0009737,GO:0042538,,,,,,,,,,,,,,,,,,,,,,,,,,,,,,,,
AT5G49970,,,,,,,,,,,,,,,,,,,,,,,,,,,,,,,,,,,,
AT5G49330,GO:0051555,,,,,,,,,,,,,,,,,,,,,,,,,,,,,,,,,,,
AT5G49480,GO:0042538,,,,,,,,,,,,,,,,,,,,,,,,,,,,,,,,,,,
AT5G48930,GO:0009809,,,,,,,,,,,,,,,,,,,,,,,,,,,,,,,,,,,
AT5G48850,GO:0010438,,,,,,,,,,,,,,,,,,,,,,,,,,,,,,,,,,,
AT5G47650,GO:0006979,,,,,,,,,,,,,,,,,,,,,,,,,,,,,,,,,,,
AT5G47390,GO:0046686,GO:0009723,GO:0009737,GO:0009753,GO:0009651,GO:0009739,GO:0009751,GO:0048366,GO:0006355,,,,,,,,,,,,,,,,,,,,,,,,,,,
AT5G46690,GO:0006355,,,,,,,,,,,,,,,,,,,,,,,,,,,,,,,,,,,
AT5G46110,,,,,,,,,,,,,,,,,,,,,,,,,,,,,,,,,,,,
AT5G45750,GO:0042546,,,,,,,,,,,,,,,,,,,,,,,,,,,,,,,,,,,
AT5G45340,GO:0009414,,,,,,,,,,,,,,,,,,,,,,,,,,,,,,,,,,,
AT5G44670,GO:0042546,,,,,,,,,,,,,,,,,,,,,,,,,,,,,,,,,,,
AT5G44110,GO:0010114,GO:0010218,,,,,,,,,,,,,,,,,,,,,,,,,,,,,,,,,,
AT5G43810,GO:0051607,,,,,,,,,,,,,,,,,,,,,,,,,,,,,,,,,,,
AT5G43280,,,,,,,,,,,,,,,,,,,,,,,,,,,,,,,,,,,,
AT5G42900,GO:0009409,GO:0080167,,,,,,,,,,,,,,,,,,,,,,,,,,,,,,,,,,
AT5G42890,GO:0009845,GO:0006635,GO:0009735,,,,,,,,,,,,,,,,,,,,,,,,,,,,,,,,,
AT5G43060,GO:0009651,,,,,,,,,,,,,,,,,,,,,,,,,,,,,,,,,,,
AT5G42750,,,,,,,,,,,,,,,,,,,,,,,,,,,,,,,,,,,,
AT5G41670,GO:0009051,GO:0009744,GO:0009749,GO:0009750,GO:0046686,,,,,,,,,,,,,,,,,,,,,,,,,,,,,,,
AT5G41920,GO:0048366,GO:0006355,,,,,,,,,,,,,,,,,,,,,,,,,,,,,,,,,,
AT5G41190,GO:0006364,GO:0009555,GO:0009553,,,,,,,,,,,,,,,,,,,,,,,,,,,,,,,,,
AT5G40890,GO:0015706,,,,,,,,,,,,,,,,,,,,,,,,,,,,,,,,,,,
AT5G40390,GO:0006979,GO:0009414,GO:0009737,,,,,,,,,,,,,,,,,,,,,,,,,,,,,,,,,
AT5G37670,GO:0000302,GO:0009408,,,,,,,,,,,,,,,,,,,,,,,,,,,,,,,,,,
AT5G36890,,,,,,,,,,,,,,,,,,,,,,,,,,,,,,,,,,,,
AT5G37055,GO:0042742,GO:0009909,,,,,,,,,,,,,,,,,,,,,,,,,,,,,,,,,,
AT5G24430,GO:0046777,,,,,,,,,,,,,,,,,,,,,,,,,,,,,,,,,,,
AT5G24120,GO:0010114,GO:0009658,GO:0071483,GO:0010207,GO:0045893,GO:0010218,,,,,,,,,,,,,,,,,,,,,,,,,,,,,,
AT5G24300,GO:0010021,,,,,,,,,,,,,,,,,,,,,,,,,,,,,,,,,,,
AT5G23730,GO:0009658,GO:0010224,,,,,,,,,,,,,,,,,,,,,,,,,,,,,,,,,,
AT5G22920,,,,,,,,,,,,,,,,,,,,,,,,,,,,,,,,,,,,
AT5G23020,GO:0019761,,,,,,,,,,,,,,,,,,,,,,,,,,,,,,,,,,,
AT5G23060,GO:0009704,,,,,,,,,,,,,,,,,,,,,,,,,,,,,,,,,,,
AT5G22650,GO:0009294,GO:0045892,,,,,,,,,,,,,,,,,,,,,,,,,,,,,,,,,,
AT5G22300,,,,,,,,,,,,,,,,,,,,,,,,,,,,,,,,,,,,
AT5G18650,GO:0016567,,,,,,,,,,,,,,,,,,,,,,,,,,,,,,,,,,,
AT5G18170,GO:0006807,GO:0009646,GO:0009651,GO:0046686,,,,,,,,,,,,,,,,,,,,,,,,,,,,,,,,
AT5G17300,GO:0007623,GO:0006355,GO:0009734,,,,,,,,,,,,,,,,,,,,,,,,,,,,,,,,,
AT5G16400,GO:0045454,GO:0043085,,,,,,,,,,,,,,,,,,,,,,,,,,,,,,,,,,
AT5G14640,GO:0046777,GO:0009651,,,,,,,,,,,,,,,,,,,,,,,,,,,,,,,,,,
AT5G14570,GO:0015706,,,,,,,,,,,,,,,,,,,,,,,,,,,,,,,,,,,
AT5G15120,GO:0001666,,,,,,,,,,,,,,,,,,,,,,,,,,,,,,,,,,,
AT5G13930,GO:0006979,GO:0010224,GO:0009926,GO:0009611,GO:0009753,GO:0009813,GO:0009733,,,,,,,,,,,,,,,,,,,,,,,,,,,,,
AT5G13750,GO:0009414,GO:0080167,GO:0048364,GO:0009630,,,,,,,,,,,,,,,,,,,,,,,,,,,,,,,,
AT5G13640,GO:0019432,,,,,,,,,,,,,,,,,,,,,,,,,,,,,,,,,,,
AT5G13710,GO:0009793,,,,,,,,,,,,,,,,,,,,,,,,,,,,,,,,,,,
AT5G13730,,,,,,,,,,,,,,,,,,,,,,,,,,,,,,,,,,,,
AT5G13770,GO:0009658,,,,,,,,,,,,,,,,,,,,,,,,,,,,,,,,,,,
AT5G12140,GO:0009611,GO:0034605,GO:0042631,GO:0070417,,,,,,,,,,,,,,,,,,,,,,,,,,,,,,,,
AT5G12250,GO:0009409,GO:0009651,,,,,,,,,,,,,,,,,,,,,,,,,,,,,,,,,,
AT5G12050,GO:0007623,,,,,,,,,,,,,,,,,,,,,,,,,,,,,,,,,,,
AT5G10870,GO:0009073,,,,,,,,,,,,,,,,,,,,,,,,,,,,,,,,,,,
AT5G11150,GO:0009651,,,,,,,,,,,,,,,,,,,,,,,,,,,,,,,,,,,
AT5G11240,,,,,,,,,,,,,,,,,,,,,,,,,,,,,,,,,,,,
AT5G11260,GO:0010114,GO:0010017,GO:0080167,GO:0010224,GO:0009737,GO:0010099,GO:0009740,GO:0010218,,,,,,,,,,,,,,,,,,,,,,,,,,,,
AT5G09590,GO:0009408,GO:0009615,GO:0009651,GO:0046686,,,,,,,,,,,,,,,,,,,,,,,,,,,,,,,,
AT5G08520,GO:0006355,,,,,,,,,,,,,,,,,,,,,,,,,,,,,,,,,,,
AT5G08640,GO:0009733,GO:0009813,GO:0080167,,,,,,,,,,,,,,,,,,,,,,,,,,,,,,,,,
AT5G07440,GO:0009651,GO:0046686,,,,,,,,,,,,,,,,,,,,,,,,,,,,,,,,,,
AT5G07690,GO:0010438,GO:0009414,GO:0009611,GO:0009753,GO:0009739,GO:0009751,GO:0050832,GO:0006355,GO:0009617,,,,,,,,,,,,,,,,,,,,,,,,,,,
AT5G07010,GO:0009753,,,,,,,,,,,,,,,,,,,,,,,,,,,,,,,,,,,
AT5G06530,GO:0009414,,,,,,,,,,,,,,,,,,,,,,,,,,,,,,,,,,,
AT5G05690,GO:0010224,,,,,,,,,,,,,,,,,,,,,,,,,,,,,,,,,,,
AT5G05410,GO:0009408,GO:0009414,GO:0010224,GO:0010286,GO:0042542,,,,,,,,,,,,,,,,,,,,,,,,,,,,,,,
AT5G05270,GO:0080167,,,,,,,,,,,,,,,,,,,,,,,,,,,,,,,,,,,
AT5G04490,GO:0010189,,,,,,,,,,,,,,,,,,,,,,,,,,,,,,,,,,,
AT5G04040,,,,,,,,,,,,,,,,,,,,,,,,,,,,,,,,,,,,
AT5G03760,GO:0009294,GO:0009617,,,,,,,,,,,,,,,,,,,,,,,,,,,,,,,,,,
AT5G03555,,,,,,,,,,,,,,,,,,,,,,,,,,,,,,,,,,,,
AT5G02820,,,,,,,,,,,,,,,,,,,,,,,,,,,,,,,,,,,,
AT5G01810,GO:0009738,,,,,,,,,,,,,,,,,,,,,,,,,,,,,,,,,,,
AT5G01340,,,,,,,,,,,,,,,,,,,,,,,,,,,,,,,,,,,,
AT5G01500,GO:0010117,GO:0010206,,,,,,,,,,,,,,,,,,,,,,,,,,,,,,,,,,
AT3G63150,GO:0009737,,,,,,,,,,,,,,,,,,,,,,,,,,,,,,,,,,,
AT3G62410,GO:0009416,GO:0070417,GO:0009744,GO:0034605,,,,,,,,,,,,,,,,,,,,,,,,,,,,,,,,
AT3G61890,GO:0006970,GO:0009414,GO:0009615,GO:0009737,GO:0045893,,,,,,,,,,,,,,,,,,,,,,,,,,,,,,,
AT3G61460,GO:0009741,GO:0010200,,,,,,,,,,,,,,,,,,,,,,,,,,,,,,,,,,
AT3G61440,,,,,,,,,,,,,,,,,,,,,,,,,,,,,,,,,,,,
AT3G61580,GO:0070417,,,,,,,,,,,,,,,,,,,,,,,,,,,,,,,,,,,
AT3G61430,GO:0006833,GO:0009414,,,,,,,,,,,,,,,,,,,,,,,,,,,,,,,,,,
AT3G61590,,,,,,,,,,,,,,,,,,,,,,,,,,,,,,,,,,,,
AT3G59940,GO:2000762,,,,,,,,,,,,,,,,,,,,,,,,,,,,,,,,,,,
AT3G58990,GO:0019761,,,,,,,,,,,,,,,,,,,,,,,,,,,,,,,,,,,
AT3G58750,GO:0006635,,,,,,,,,,,,,,,,,,,,,,,,,,,,,,,,,,,
AT3G58070,GO:0009739,GO:0006355,,,,,,,,,,,,,,,,,,,,,,,,,,,,,,,,,,
AT3G57410,,,,,,,,,,,,,,,,,,,,,,,,,,,,,,,,,,,,
AT3G57330,GO:0042742,,,,,,,,,,,,,,,,,,,,,,,,,,,,,,,,,,,
AT3G56290,GO:0009658,GO:0045893,,,,,,,,,,,,,,,,,,,,,,,,,,,,,,,,,,
AT3G56090,GO:0048366,GO:0015979,GO:0000302,GO:0009908,,,,,,,,,,,,,,,,,,,,,,,,,,,,,,,,
AT3G56070,GO:0046686,,,,,,,,,,,,,,,,,,,,,,,,,,,,,,,,,,,
AT3G55760,,,,,,,,,,,,,,,,,,,,,,,,,,,,,,,,,,,,
AT3G55960,GO:0007623,,,,,,,,,,,,,,,,,,,,,,,,,,,,,,,,,,,
AT3G55280,GO:0006979,GO:0009409,GO:0009644,,,,,,,,,,,,,,,,,,,,,,,,,,,,,,,,,
AT3G55130,,,,,,,,,,,,,,,,,,,,,,,,,,,,,,,,,,,,
AT3G55580,GO:0009631,,,,,,,,,,,,,,,,,,,,,,,,,,,,,,,,,,,
AT3G55560,,,,,,,,,,,,,,,,,,,,,,,,,,,,,,,,,,,,
AT3G55120,GO:0080167,GO:0009813,GO:0010224,GO:0009733,,,,,,,,,,,,,,,,,,,,,,,,,,,,,,,,
AT3G54140,GO:0006807,,,,,,,,,,,,,,,,,,,,,,,,,,,,,,,,,,,
AT3G53990,GO:0006979,GO:0009408,GO:0009409,GO:0061077,,,,,,,,,,,,,,,,,,,,,,,,,,,,,,,,
AT3G53260,GO:0080167,GO:0006979,,,,,,,,,,,,,,,,,,,,,,,,,,,,,,,,,,
AT3G52740,GO:0080167,,,,,,,,,,,,,,,,,,,,,,,,,,,,,,,,,,,
AT3G51920,GO:0009414,GO:0009651,GO:0009737,,,,,,,,,,,,,,,,,,,,,,,,,,,,,,,,,
AT3G51420,GO:0009611,GO:0009753,,,,,,,,,,,,,,,,,,,,,,,,,,,,,,,,,,
AT3G50970,GO:0009409,GO:0009414,GO:0009631,GO:0009737,GO:0050832,,,,,,,,,,,,,,,,,,,,,,,,,,,,,,,
AT3G50820,GO:0010207,,,,,,,,,,,,,,,,,,,,,,,,,,,,,,,,,,,
AT3G50750,GO:0006355,,,,,,,,,,,,,,,,,,,,,,,,,,,,,,,,,,,
AT3G50740,,,,,,,,,,,,,,,,,,,,,,,,,,,,,,,,,,,,
AT3G49590,,,,,,,,,,,,,,,,,,,,,,,,,,,,,,,,,,,,
AT3G49580,,,,,,,,,,,,,,,,,,,,,,,,,,,,,,,,,,,,
AT3G49240,GO:0009793,,,,,,,,,,,,,,,,,,,,,,,,,,,,,,,,,,,
AT3G48720,,,,,,,,,,,,,,,,,,,,,,,,,,,,,,,,,,,,
AT3G48250,,,,,,,,,,,,,,,,,,,,,,,,,,,,,,,,,,,,
AT3G48360,GO:0009555,GO:0007623,GO:0009734,GO:0010182,GO:0009611,GO:0009553,GO:0009409,GO:0009753,GO:0009737,GO:0009651,GO:0009738,GO:0042542,GO:0009733,GO:0009751,GO:0006355,,,,,,,,,,,,,,,,,,,,,
AT3G47600,GO:0006355,GO:0009651,GO:0009723,GO:0009733,GO:0009737,GO:0009751,GO:0009753,GO:0046686,GO:0080167,,,,,,,,,,,,,,,,,,,,,,,,,,,
AT3G47420,,,,,,,,,,,,,,,,,,,,,,,,,,,,,,,,,,,,
AT3G47620,GO:0009735,GO:0009737,GO:0009739,GO:0010029,GO:0008283,GO:0006355,,,,,,,,,,,,,,,,,,,,,,,,,,,,,,
AT3G47500,GO:0006355,GO:0048510,,,,,,,,,,,,,,,,,,,,,,,,,,,,,,,,,,
AT3G46940,,,,,,,,,,,,,,,,,,,,,,,,,,,,,,,,,,,,
AT3G46970,GO:0009414,GO:0046686,,,,,,,,,,,,,,,,,,,,,,,,,,,,,,,,,,
AT3G46530,,,,,,,,,,,,,,,,,,,,,,,,,,,,,,,,,,,,
AT3G46590,GO:0009723,GO:0009737,GO:0009739,GO:0009751,GO:0009753,GO:0046686,,,,,,,,,,,,,,,,,,,,,,,,,,,,,,
AT3G46460,GO:0006511,,,,,,,,,,,,,,,,,,,,,,,,,,,,,,,,,,,
AT3G45260,GO:0006355,,,,,,,,,,,,,,,,,,,,,,,,,,,,,,,,,,,
AT3G44750,GO:0009294,,,,,,,,,,,,,,,,,,,,,,,,,,,,,,,,,,,
AT3G44450,GO:0080167,,,,,,,,,,,,,,,,,,,,,,,,,,,,,,,,,,,
AT4G40060,GO:0009637,GO:0048510,GO:0048573,GO:0045893,,,,,,,,,,,,,,,,,,,,,,,,,,,,,,,,
AT4G39980,GO:0009073,GO:0009611,,,,,,,,,,,,,,,,,,,,,,,,,,,,,,,,,,
AT4G39800,GO:0010264,GO:0009793,,,,,,,,,,,,,,,,,,,,,,,,,,,,,,,,,,
AT4G39730,,,,,,,,,,,,,,,,,,,,,,,,,,,,,,,,,,,,
AT4G39260,GO:0010043,GO:0009735,GO:0009737,GO:0009409,GO:0009651,GO:0045087,,,,,,,,,,,,,,,,,,,,,,,,,,,,,,
AT4G39210,,,,,,,,,,,,,,,,,,,,,,,,,,,,,,,,,,,,
AT4G38960,GO:0010100,,,,,,,,,,,,,,,,,,,,,,,,,,,,,,,,,,,
AT4G39090,GO:0006970,GO:0009651,GO:0042742,,,,,,,,,,,,,,,,,,,,,,,,,,,,,,,,,
AT4G39330,GO:0009735,GO:0009809,,,,,,,,,,,,,,,,,,,,,,,,,,,,,,,,,,
AT4G38580,GO:0010286,,,,,,,,,,,,,,,,,,,,,,,,,,,,,,,,,,,
AT4G38840,GO:0009409,,,,,,,,,,,,,,,,,,,,,,,,,,,,,,,,,,,
AT4G38800,,,,,,,,,,,,,,,,,,,,,,,,,,,,,,,,,,,,
AT4G38470,GO:0009658,,,,,,,,,,,,,,,,,,,,,,,,,,,,,,,,,,,
AT4G37970,GO:0009809,,,,,,,,,,,,,,,,,,,,,,,,,,,,,,,,,,,
AT4G37760,GO:0009611,GO:0009753,,,,,,,,,,,,,,,,,,,,,,,,,,,,,,,,,,
AT4G37470,GO:0009640,GO:0009704,GO:0080167,,,,,,,,,,,,,,,,,,,,,,,,,,,,,,,,,
AT4G37610,GO:0006355,GO:0009409,GO:0009733,GO:0009751,GO:0010200,GO:0042542,,,,,,,,,,,,,,,,,,,,,,,,,,,,,,
AT4G37590,GO:0009908,GO:0009958,,,,,,,,,,,,,,,,,,,,,,,,,,,,,,,,,,
AT4G35780,GO:0009658,,,,,,,,,,,,,,,,,,,,,,,,,,,,,,,,,,,
AT4G35770,,,,,,,,,,,,,,,,,,,,,,,,,,,,,,,,,,,,
AT4G35630,GO:0009735,,,,,,,,,,,,,,,,,,,,,,,,,,,,,,,,,,,
AT4G35040,GO:0010043,,,,,,,,,,,,,,,,,,,,,,,,,,,,,,,,,,,
AT4G35260,,,,,,,,,,,,,,,,,,,,,,,,,,,,,,,,,,,,
AT4G34990,GO:0009651,GO:0009723,GO:0009737,GO:0009751,GO:0009753,GO:0046686,,,,,,,,,,,,,,,,,,,,,,,,,,,,,,
AT4G35020,GO:0009958,,,,,,,,,,,,,,,,,,,,,,,,,,,,,,,,,,,
AT4G34240,GO:0009414,GO:0009737,,,,,,,,,,,,,,,,,,,,,,,,,,,,,,,,,,
AT4G33950,GO:0009414,GO:0046777,GO:0009737,GO:0010118,GO:0010119,GO:0019432,GO:0042742,GO:0009651,GO:0009738,GO:2000377,GO:0006970,GO:0048366,,,,,,,,,,,,,,,,,,,,,,,,
AT4G34100,GO:0009414,GO:0042335,,,,,,,,,,,,,,,,,,,,,,,,,,,,,,,,,,
AT4G34200,GO:0009555,GO:0009793,,,,,,,,,,,,,,,,,,,,,,,,,,,,,,,,,,
AT4G33630,,,,,,,,,,,,,,,,,,,,,,,,,,,,,,,,,,,,
AT4G33220,,,,,,,,,,,,,,,,,,,,,,,,,,,,,,,,,,,,
AT4G32690,GO:0009733,GO:0001666,,,,,,,,,,,,,,,,,,,,,,,,,,,,,,,,,,
AT4G32980,GO:0009640,GO:0010228,,,,,,,,,,,,,,,,,,,,,,,,,,,,,,,,,,
AT4G32280,GO:0009733,GO:0010114,GO:0010218,,,,,,,,,,,,,,,,,,,,,,,,,,,,,,,,,
AT4G32150,GO:0010118,GO:0009651,GO:0009737,,,,,,,,,,,,,,,,,,,,,,,,,,,,,,,,,
AT4G31870,GO:0080167,,,,,,,,,,,,,,,,,,,,,,,,,,,,,,,,,,,
AT4G30290,GO:0008283,,,,,,,,,,,,,,,,,,,,,,,,,,,,,,,,,,,
AT4G30650,GO:0050832,,,,,,,,,,,,,,,,,,,,,,,,,,,,,,,,,,,
AT4G30210,GO:0009698,,,,,,,,,,,,,,,,,,,,,,,,,,,,,,,,,,,
AT4G29720,GO:0048510,,,,,,,,,,,,,,,,,,,,,,,,,,,,,,,,,,,
AT4G29210,,,,,,,,,,,,,,,,,,,,,,,,,,,,,,,,,,,,
AT4G29220,,,,,,,,,,,,,,,,,,,,,,,,,,,,,,,,,,,,
AT4G29190,GO:0006355,,,,,,,,,,,,,,,,,,,,,,,,,,,,,,,,,,,
AT4G29080,GO:0009733,,,,,,,,,,,,,,,,,,,,,,,,,,,,,,,,,,,
AT4G29010,GO:0009908,,,,,,,,,,,,,,,,,,,,,,,,,,,,,,,,,,,
AT4G27940,,,,,,,,,,,,,,,,,,,,,,,,,,,,,,,,,,,,
AT4G27800,GO:0009767,,,,,,,,,,,,,,,,,,,,,,,,,,,,,,,,,,,
AT4G27710,GO:0009651,,,,,,,,,,,,,,,,,,,,,,,,,,,,,,,,,,,
AT4G26780,GO:0009408,GO:0010286,,,,,,,,,,,,,,,,,,,,,,,,,,,,,,,,,,
AT4G26400,GO:0010200,,,,,,,,,,,,,,,,,,,,,,,,,,,,,,,,,,,
AT4G26610,GO:0006468,,,,,,,,,,,,,,,,,,,,,,,,,,,,,,,,,,,
AT4G26150,GO:0007623,GO:0009735,GO:0010380,GO:0009740,GO:0009416,,,,,,,,,,,,,,,,,,,,,,,,,,,,,,,
AT4G25480,GO:0009409,GO:0009414,GO:0009631,,,,,,,,,,,,,,,,,,,,,,,,,,,,,,,,,
AT4G25500,,,,,,,,,,,,,,,,,,,,,,,,,,,,,,,,,,,,
AT4G25470,GO:0009409,GO:0009631,,,,,,,,,,,,,,,,,,,,,,,,,,,,,,,,,,
AT4G25340,,,,,,,,,,,,,,,,,,,,,,,,,,,,,,,,,,,,
AT4G25720,,,,,,,,,,,,,,,,,,,,,,,,,,,,,,,,,,,,
AT4G24960,GO:0009555,GO:0009908,GO:0009414,GO:0042538,GO:0009737,GO:0009409,,,,,,,,,,,,,,,,,,,,,,,,,,,,,,
AT4G24800,GO:0009651,GO:0009723,,,,,,,,,,,,,,,,,,,,,,,,,,,,,,,,,,
AT4G25050,GO:0042335,GO:0009627,,,,,,,,,,,,,,,,,,,,,,,,,,,,,,,,,,
AT4G25080,,,,,,,,,,,,,,,,,,,,,,,,,,,,,,,,,,,,
AT4G24520,GO:0006979,GO:0009698,GO:0009737,,,,,,,,,,,,,,,,,,,,,,,,,,,,,,,,,
AT4G23890,GO:0009767,,,,,,,,,,,,,,,,,,,,,,,,,,,,,,,,,,,
AT4G23920,GO:0042546,,,,,,,,,,,,,,,,,,,,,,,,,,,,,,,,,,,
AT4G23630,,,,,,,,,,,,,,,,,,,,,,,,,,,,,,,,,,,,
AT4G23600,GO:0042538,GO:0009737,GO:0009611,GO:0009753,,,,,,,,,,,,,,,,,,,,,,,,,,,,,,,,
AT4G22890,GO:0015979,,,,,,,,,,,,,,,,,,,,,,,,,,,,,,,,,,,
AT4G22200,GO:0009737,,,,,,,,,,,,,,,,,,,,,,,,,,,,,,,,,,,
AT4G22570,,,,,,,,,,,,,,,,,,,,,,,,,,,,,,,,,,,,
AT4G21610,GO:0009617,,,,,,,,,,,,,,,,,,,,,,,,,,,,,,,,,,,
AT4G20890,GO:0046686,,,,,,,,,,,,,,,,,,,,,,,,,,,,,,,,,,,
AT4G20070,,,,,,,,,,,,,,,,,,,,,,,,,,,,,,,,,,,,
AT4G20170,GO:0042546,,,,,,,,,,,,,,,,,,,,,,,,,,,,,,,,,,,
AT4G19880,GO:0046686,,,,,,,,,,,,,,,,,,,,,,,,,,,,,,,,,,,
AT4G18910,,,,,,,,,,,,,,,,,,,,,,,,,,,,,,,,,,,,
AT4G18390,GO:0030154,GO:0009965,GO:0009637,GO:0048366,GO:0006355,,,,,,,,,,,,,,,,,,,,,,,,,,,,,,,
AT4G13830,GO:0061077,,,,,,,,,,,,,,,,,,,,,,,,,,,,,,,,,,,
AT4G17870,GO:0009738,,,,,,,,,,,,,,,,,,,,,,,,,,,,,,,,,,,
AT4G13750,GO:0048364,GO:0009926,GO:0010305,GO:0009793,,,,,,,,,,,,,,,,,,,,,,,,,,,,,,,,
AT4G12470,GO:0050832,GO:0070417,GO:0009631,GO:0009627,,,,,,,,,,,,,,,,,,,,,,,,,,,,,,,,
AT4G12000,GO:0006979,,,,,,,,,,,,,,,,,,,,,,,,,,,,,,,,,,,
AT4G12030,GO:0019761,GO:0009611,GO:0009753,,,,,,,,,,,,,,,,,,,,,,,,,,,,,,,,,
AT4G11600,GO:0009651,GO:0046686,,,,,,,,,,,,,,,,,,,,,,,,,,,,,,,,,,
AT4G11360,GO:0010200,GO:0016567,GO:0046686,,,,,,,,,,,,,,,,,,,,,,,,,,,,,,,,,
AT4G10340,GO:0009637,GO:0010114,GO:0010218,GO:0015979,,,,,,,,,,,,,,,,,,,,,,,,,,,,,,,,
AT4G09970,GO:0007623,,,,,,,,,,,,,,,,,,,,,,,,,,,,,,,,,,,
AT4G09460,GO:0009739,GO:0009751,GO:0009753,,,,,,,,,,,,,,,,,,,,,,,,,,,,,,,,,
AT4G09820,GO:0048316,,,,,,,,,,,,,,,,,,,,,,,,,,,,,,,,,,,
AT4G08920,GO:0009640,GO:0010114,GO:0010244,GO:0010117,GO:0007623,GO:0009638,GO:0009414,GO:0046777,GO:0009646,GO:0010118,GO:0042752,GO:2000377,GO:0009637,GO:0010218,GO:0009416,GO:0009644,,,,,,,,,,,,,,,,,,,,
AT4G09020,GO:0005983,,,,,,,,,,,,,,,,,,,,,,,,,,,,,,,,,,,
AT4G05410,GO:0009553,GO:0009793,,,,,,,,,,,,,,,,,,,,,,,,,,,,,,,,,,
AT4G04955,,,,,,,,,,,,,,,,,,,,,,,,,,,,,,,,,,,,
AT4G03400,GO:0009416,GO:0009733,,,,,,,,,,,,,,,,,,,,,,,,,,,,,,,,,,
AT4G03190,GO:0009733,,,,,,,,,,,,,,,,,,,,,,,,,,,,,,,,,,,
AT4G02440,GO:0009585,GO:0010099,GO:0048366,GO:0048573,,,,,,,,,,,,,,,,,,,,,,,,,,,,,,,,
AT4G02500,,,,,,,,,,,,,,,,,,,,,,,,,,,,,,,,,,,,
AT4G01690,,,,,,,,,,,,,,,,,,,,,,,,,,,,,,,,,,,,
AT4G01460,GO:0006355,,,,,,,,,,,,,,,,,,,,,,,,,,,,,,,,,,,
AT1G25520,GO:0080167,,,,,,,,,,,,,,,,,,,,,,,,,,,,,,,,,,,
AT1G16720,,,,,,,,,,,,,,,,,,,,,,,,,,,,,,,,,,,,
AT1G18640,GO:0009555,GO:0048364,GO:0009793,,,,,,,,,,,,,,,,,,,,,,,,,,,,,,,,,
AT1G19920,,,,,,,,,,,,,,,,,,,,,,,,,,,,,,,,,,,,
AT2G33590,GO:0009408,GO:0009414,GO:0009737,GO:0046686,,,,,,,,,,,,,,,,,,,,,,,,,,,,,,,,
AT2G33380,GO:0009737,GO:0009409,GO:0010118,GO:0009651,GO:2000377,GO:0009751,GO:0050832,GO:0009620,,,,,,,,,,,,,,,,,,,,,,,,,,,,
AT2G33570,GO:0042546,,,,,,,,,,,,,,,,,,,,,,,,,,,,,,,,,,,
AT2G40460,GO:0009624,,,,,,,,,,,,,,,,,,,,,,,,,,,,,,,,,,,
AT1G22190,GO:0006970,GO:0009409,GO:0009414,,,,,,,,,,,,,,,,,,,,,,,,,,,,,,,,,
AT1G22070,GO:0042742,,,,,,,,,,,,,,,,,,,,,,,,,,,,,,,,,,,
AT1G07240,GO:0009819,GO:0010030,,,,,,,,,,,,,,,,,,,,,,,,,,,,,,,,,,
AT1G18150,GO:0000302,GO:0009611,GO:0009753,GO:0042542,,,,,,,,,,,,,,,,,,,,,,,,,,,,,,,,
AT1G20693,,,,,,,,,,,,,,,,,,,,,,,,,,,,,,,,,,,,
AT1G16850,GO:0009651,,,,,,,,,,,,,,,,,,,,,,,,,,,,,,,,,,,
AT1G51700,GO:0006355,GO:0010200,,,,,,,,,,,,,,,,,,,,,,,,,,,,,,,,,,
AT1G56200,GO:0009658,GO:0009793,,,,,,,,,,,,,,,,,,,,,,,,,,,,,,,,,,
AT1G56190,GO:0046686,,,,,,,,,,,,,,,,,,,,,,,,,,,,,,,,,,,
AT3G12320,GO:0007623,,,,,,,,,,,,,,,,,,,,,,,,,,,,,,,,,,,
AT3G12560,GO:0009737,,,,,,,,,,,,,,,,,,,,,,,,,,,,,,,,,,,
AT1G69440,GO:0051607,,,,,,,,,,,,,,,,,,,,,,,,,,,,,,,,,,,
AT3G11040,,,,,,,,,,,,,,,,,,,,,,,,,,,,,,,,,,,,
AT1G75280,GO:0006979,GO:0046686,,,,,,,,,,,,,,,,,,,,,,,,,,,,,,,,,,
AT1G75220,GO:0010030,,,,,,,,,,,,,,,,,,,,,,,,,,,,,,,,,,,
AT3G14790,,,,,,,,,,,,,,,,,,,,,,,,,,,,,,,,,,,,
AT3G28270,GO:0042631,,,,,,,,,,,,,,,,,,,,,,,,,,,,,,,,,,,
AT3G11964,GO:0006364,GO:0009553,,,,,,,,,,,,,,,,,,,,,,,,,,,,,,,,,,
AT3G52360,GO:0080167,,,,,,,,,,,,,,,,,,,,,,,,,,,,,,,,,,,
AT3G52180,GO:0005983,,,,,,,,,,,,,,,,,,,,,,,,,,,,,,,,,,,
AT3G52190,GO:0016036,,,,,,,,,,,,,,,,,,,,,,,,,,,,,,,,,,,
AT2G34090,GO:0009793,,,,,,,,,,,,,,,,,,,,,,,,,,,,,,,,,,,
AT3G16857,GO:0009735,GO:0009414,GO:0048364,GO:0048367,GO:0071368,GO:0010380,GO:0010082,,,,,,,,,,,,,,,,,,,,,,,,,,,,,
AT3G15140,,,,,,,,,,,,,,,,,,,,,,,,,,,,,,,,,,,,
AT3G23840,GO:0009555,GO:0042761,,,,,,,,,,,,,,,,,,,,,,,,,,,,,,,,,,
AT3G26450,GO:0009735,,,,,,,,,,,,,,,,,,,,,,,,,,,,,,,,,,,
AT3G13550,GO:0010099,,,,,,,,,,,,,,,,,,,,,,,,,,,,,,,,,,,
AT3G13450,GO:0009646,GO:0009744,,,,,,,,,,,,,,,,,,,,,,,,,,,,,,,,,,
AT3G14067,,,,,,,,,,,,,,,,,,,,,,,,,,,,,,,,,,,,
AT3G19710,GO:0009416,GO:0009611,GO:0019761,,,,,,,,,,,,,,,,,,,,,,,,,,,,,,,,,
AT3G20060,GO:0006511,GO:0008283,,,,,,,,,,,,,,,,,,,,,,,,,,,,,,,,,,
AT3G28910,GO:0042761,GO:0009723,GO:0009753,GO:0009733,GO:0001666,GO:0009739,GO:0009751,GO:0009617,,,,,,,,,,,,,,,,,,,,,,,,,,,,
AT3G27300,GO:0006006,GO:0009051,GO:0046686,,,,,,,,,,,,,,,,,,,,,,,,,,,,,,,,,
AT3G23690,GO:0006355,,,,,,,,,,,,,,,,,,,,,,,,,,,,,,,,,,,
AT3G14900,GO:0009793,,,,,,,,,,,,,,,,,,,,,,,,,,,,,,,,,,,
AT3G27925,GO:0010206,GO:0009735,,,,,,,,,,,,,,,,,,,,,,,,,,,,,,,,,,
AT3G27820,,,,,,,,,,,,,,,,,,,,,,,,,,,,,,,,,,,,
AT3G15095,GO:0010207,,,,,,,,,,,,,,,,,,,,,,,,,,,,,,,,,,,
AT3G26520,GO:0042742,,,,,,,,,,,,,,,,,,,,,,,,,,,,,,,,,,,
AT3G25740,,,,,,,,,,,,,,,,,,,,,,,,,,,,,,,,,,,,
AT3G16800,,,,,,,,,,,,,,,,,,,,,,,,,,,,,,,,,,,,
AT3G12670,GO:0046686,,,,,,,,,,,,,,,,,,,,,,,,,,,,,,,,,,,
AT3G18440,,,,,,,,,,,,,,,,,,,,,,,,,,,,,,,,,,,,
AT3G18420,GO:0009658,,,,,,,,,,,,,,,,,,,,,,,,,,,,,,,,,,,
AT3G29200,GO:0009073,,,,,,,,,,,,,,,,,,,,,,,,,,,,,,,,,,,
AT3G18710,GO:0010200,GO:0016567,,,,,,,,,,,,,,,,,,,,,,,,,,,,,,,,,,
AT3G23090,,,,,,,,,,,,,,,,,,,,,,,,,,,,,,,,,,,,
AT3G23050,GO:0009414,GO:0009611,GO:0009630,GO:0009733,GO:0009753,,,,,,,,,,,,,,,,,,,,,,,,,,,,,,,
AT3G23000,GO:0009409,,,,,,,,,,,,,,,,,,,,,,,,,,,,,,,,,,,
AT3G18750,GO:0006468,,,,,,,,,,,,,,,,,,,,,,,,,,,,,,,,,,,
AT3G26680,,,,,,,,,,,,,,,,,,,,,,,,,,,,,,,,,,,,
AT3G16910,,,,,,,,,,,,,,,,,,,,,,,,,,,,,,,,,,,,
AT3G23210,GO:0006355,,,,,,,,,,,,,,,,,,,,,,,,,,,,,,,,,,,
AT3G27530,,,,,,,,,,,,,,,,,,,,,,,,,,,,,,,,,,,,
AT3G19450,GO:0009809,GO:0080167,,,,,,,,,,,,,,,,,,,,,,,,,,,,,,,,,,
AT3G16240,GO:0006833,,,,,,,,,,,,,,,,,,,,,,,,,,,,,,,,,,,
AT3G16250,,,,,,,,,,,,,,,,,,,,,,,,,,,,,,,,,,,,
AT3G24500,,,,,,,,,,,,,,,,,,,,,,,,,,,,,,,,,,,,
AT3G21560,GO:0080167,,,,,,,,,,,,,,,,,,,,,,,,,,,,,,,,,,,
AT3G15770,,,,,,,,,,,,,,,,,,,,,,,,,,,,,,,,,,,,
AT3G23400,GO:0009658,GO:0010193,GO:0042742,,,,,,,,,,,,,,,,,,,,,,,,,,,,,,,,,
AT3G22840,GO:0010117,GO:0010030,GO:0080167,GO:0009409,GO:0034605,GO:0071483,,,,,,,,,,,,,,,,,,,,,,,,,,,,,,
AT3G16180,,,,,,,,,,,,,,,,,,,,,,,,,,,,,,,,,,,,
AT3G17609,,,,,,,,,,,,,,,,,,,,,,,,,,,,,,,,,,,,
AT3G15460,GO:0006364,,,,,,,,,,,,,,,,,,,,,,,,,,,,,,,,,,,
AT3G16570,GO:0009741,,,,,,,,,,,,,,,,,,,,,,,,,,,,,,,,,,,
AT3G16770,GO:0010286,GO:0009735,GO:0009723,GO:0009873,GO:0009753,GO:0045893,,,,,,,,,,,,,,,,,,,,,,,,,,,,,,
AT3G22400,GO:0048364,,,,,,,,,,,,,,,,,,,,,,,,,,,,,,,,,,,
AT3G06060,,,,,,,,,,,,,,,,,,,,,,,,,,,,,,,,,,,,
AT3G02570,,,,,,,,,,,,,,,,,,,,,,,,,,,,,,,,,,,,
AT3G02380,GO:0009658,GO:0009909,,,,,,,,,,,,,,,,,,,,,,,,,,,,,,,,,,
AT3G09920,,,,,,,,,,,,,,,,,,,,,,,,,,,,,,,,,,,,
AT3G08730,GO:0045727,GO:0006468,GO:0009409,GO:0009651,GO:0006970,,,,,,,,,,,,,,,,,,,,,,,,,,,,,,,
AT3G09600,GO:0046686,GO:0009723,GO:0009737,GO:0009753,GO:0009651,GO:0009733,GO:0009739,GO:0009751,GO:0048573,GO:0006355,,,,,,,,,,,,,,,,,,,,,,,,,,
AT3G05880,GO:0009409,GO:0009737,GO:0042538,,,,,,,,,,,,,,,,,,,,,,,,,,,,,,,,,
AT3G05800,GO:0006355,,,,,,,,,,,,,,,,,,,,,,,,,,,,,,,,,,,
AT3G04550,,,,,,,,,,,,,,,,,,,,,,,,,,,,,,,,,,,,
AT3G07270,,,,,,,,,,,,,,,,,,,,,,,,,,,,,,,,,,,,
AT3G10020,GO:0006979,,,,,,,,,,,,,,,,,,,,,,,,,,,,,,,,,,,
AT3G09440,GO:0009408,GO:0009615,GO:0046686,GO:0080167,,,,,,,,,,,,,,,,,,,,,,,,,,,,,,,,
AT3G08920,,,,,,,,,,,,,,,,,,,,,,,,,,,,,,,,,,,,
AT3G08940,GO:0009637,GO:0009735,GO:0010114,GO:0010218,,,,,,,,,,,,,,,,,,,,,,,,,,,,,,,,
AT3G07560,GO:0006635,,,,,,,,,,,,,,,,,,,,,,,,,,,,,,,,,,,
AT3G02180,GO:0009735,,,,,,,,,,,,,,,,,,,,,,,,,,,,,,,,,,,
AT3G01500,GO:0042742,GO:0015979,GO:0009409,GO:0010119,,,,,,,,,,,,,,,,,,,,,,,,,,,,,,,,
AT3G01770,GO:0045893,,,,,,,,,,,,,,,,,,,,,,,,,,,,,,,,,,,
AT1G13260,GO:0048366,GO:0045892,GO:0048527,GO:0009741,,,,,,,,,,,,,,,,,,,,,,,,,,,,,,,,
AT1G13450,GO:0006355,,,,,,,,,,,,,,,,,,,,,,,,,,,,,,,,,,,
AT1G01470,GO:0009611,GO:0009644,GO:0050832,,,,,,,,,,,,,,,,,,,,,,,,,,,,,,,,,
AT1G01620,GO:0006833,GO:0009414,,,,,,,,,,,,,,,,,,,,,,,,,,,,,,,,,,
AT1G01520,GO:0009651,,,,,,,,,,,,,,,,,,,,,,,,,,,,,,,,,,,
AT1G44000,GO:0009658,,,,,,,,,,,,,,,,,,,,,,,,,,,,,,,,,,,
AT1G12580,GO:0046777,,,,,,,,,,,,,,,,,,,,,,,,,,,,,,,,,,,
AT1G15820,GO:0015979,,,,,,,,,,,,,,,,,,,,,,,,,,,,,,,,,,,
AT1G20450,GO:0009409,GO:0009414,GO:0009631,GO:0009737,GO:0010029,,,,,,,,,,,,,,,,,,,,,,,,,,,,,,,
AT1G20440,GO:0006970,GO:0009409,GO:0009414,GO:0009631,GO:0009737,GO:0010286,GO:0050832,,,,,,,,,,,,,,,,,,,,,,,,,,,,,
AT1G28100,,,,,,,,,,,,,,,,,,,,,,,,,,,,,,,,,,,,
AT1G52340,GO:0009414,GO:0010182,GO:0009408,GO:0009750,,,,,,,,,,,,,,,,,,,,,,,,,,,,,,,,
AT1G63180,GO:0009555,,,,,,,,,,,,,,,,,,,,,,,,,,,,,,,,,,,
AT1G68920,GO:0006355,,,,,,,,,,,,,,,,,,,,,,,,,,,,,,,,,,,
AT1G77610,,,,,,,,,,,,,,,,,,,,,,,,,,,,,,,,,,,,
AT1G60960,GO:0009624,,,,,,,,,,,,,,,,,,,,,,,,,,,,,,,,,,,
AT1G77460,GO:0009826,,,,,,,,,,,,,,,,,,,,,,,,,,,,,,,,,,,
AT1G64400,,,,,,,,,,,,,,,,,,,,,,,,,,,,,,,,,,,,
AT1G71040,GO:0016036,,,,,,,,,,,,,,,,,,,,,,,,,,,,,,,,,,,
AT1G64360,GO:0006979,,,,,,,,,,,,,,,,,,,,,,,,,,,,,,,,,,,
AT1G29390,GO:0009631,GO:0070417,,,,,,,,,,,,,,,,,,,,,,,,,,,,,,,,,,
AT1G29395,GO:0009631,GO:0009737,GO:0042631,GO:0070417,,,,,,,,,,,,,,,,,,,,,,,,,,,,,,,,
AT1G72150,GO:0009860,,,,,,,,,,,,,,,,,,,,,,,,,,,,,,,,,,,
AT1G66230,,,,,,,,,,,,,,,,,,,,,,,,,,,,,,,,,,,,
AT1G69570,GO:0006355,,,,,,,,,,,,,,,,,,,,,,,,,,,,,,,,,,,
AT1G52230,GO:0009735,,,,,,,,,,,,,,,,,,,,,,,,,,,,,,,,,,,
AT1G72300,GO:0009826,,,,,,,,,,,,,,,,,,,,,,,,,,,,,,,,,,,
AT1G76790,,,,,,,,,,,,,,,,,,,,,,,,,,,,,,,,,,,,
AT1G76580,GO:0006355,,,,,,,,,,,,,,,,,,,,,,,,,,,,,,,,,,,
AT1G68830,GO:0007623,,,,,,,,,,,,,,,,,,,,,,,,,,,,,,,,,,,
AT1G73660,GO:0009651,GO:0010182,,,,,,,,,,,,,,,,,,,,,,,,,,,,,,,,,,
AT1G66350,GO:0009739,GO:0009740,,,,,,,,,,,,,,,,,,,,,,,,,,,,,,,,,,
AT1G52760,GO:0006979,GO:0010043,GO:0042542,GO:0046686,,,,,,,,,,,,,,,,,,,,,,,,,,,,,,,,
AT1G70700,GO:0009753,,,,,,,,,,,,,,,,,,,,,,,,,,,,,,,,,,,
AT1G74450,GO:0009555,,,,,,,,,,,,,,,,,,,,,,,,,,,,,,,,,,,
AT1G68520,GO:0006355,,,,,,,,,,,,,,,,,,,,,,,,,,,,,,,,,,,
AT1G80440,GO:2000762,,,,,,,,,,,,,,,,,,,,,,,,,,,,,,,,,,,
AT1G69200,GO:0009658,,,,,,,,,,,,,,,,,,,,,,,,,,,,,,,,,,,
AT1G69370,GO:0009073,GO:0042742,,,,,,,,,,,,,,,,,,,,,,,,,,,,,,,,,,
AT1G73870,GO:0009641,GO:0006355,GO:0045893,,,,,,,,,,,,,,,,,,,,,,,,,,,,,,,,,
AT1G74090,GO:0019761,,,,,,,,,,,,,,,,,,,,,,,,,,,,,,,,,,,
AT1G69870,GO:0015706,,,,,,,,,,,,,,,,,,,,,,,,,,,,,,,,,,,
AT1G72440,GO:0009553,GO:0010197,,,,,,,,,,,,,,,,,,,,,,,,,,,,,,,,,,
AT1G72450,GO:0009611,GO:0009753,,,,,,,,,,,,,,,,,,,,,,,,,,,,,,,,,,
AT1G47270,GO:0006355,GO:0009555,,,,,,,,,,,,,,,,,,,,,,,,,,,,,,,,,,
AT2G43400,GO:0009646,,,,,,,,,,,,,,,,,,,,,,,,,,,,,,,,,,,
AT2G43500,GO:0006355,,,,,,,,,,,,,,,,,,,,,,,,,,,,,,,,,,,
AT1G32360,GO:0006355,,,,,,,,,,,,,,,,,,,,,,,,,,,,,,,,,,,
AT1G14980,GO:0009408,,,,,,,,,,,,,,,,,,,,,,,,,,,,,,,,,,,
AT1G49160,GO:0006468,,,,,,,,,,,,,,,,,,,,,,,,,,,,,,,,,,,
AT1G43700,GO:0009294,,,,,,,,,,,,,,,,,,,,,,,,,,,,,,,,,,,
AT1G06820,,,,,,,,,,,,,,,,,,,,,,,,,,,,,,,,,,,,
AT1G43860,GO:0006355,,,,,,,,,,,,,,,,,,,,,,,,,,,,,,,,,,,
AT1G21460,GO:0051260,,,,,,,,,,,,,,,,,,,,,,,,,,,,,,,,,,,
AT1G06000,GO:0051555,,,,,,,,,,,,,,,,,,,,,,,,,,,,,,,,,,,
AT1G06040,GO:0009416,GO:0010228,GO:0048573,GO:0080167,,,,,,,,,,,,,,,,,,,,,,,,,,,,,,,,
AT1G01300,GO:0080167,,,,,,,,,,,,,,,,,,,,,,,,,,,,,,,,,,,
AT1G07420,,,,,,,,,,,,,,,,,,,,,,,,,,,,,,,,,,,,
AT1G75450,,,,,,,,,,,,,,,,,,,,,,,,,,,,,,,,,,,,
AT1G19770,,,,,,,,,,,,,,,,,,,,,,,,,,,,,,,,,,,,
AT1G04770,GO:0009658,GO:0010438,,,,,,,,,,,,,,,,,,,,,,,,,,,,,,,,,,
AT1G26670,,,,,,,,,,,,,,,,,,,,,,,,,,,,,,,,,,,,
AT1G53090,GO:0009637,,,,,,,,,,,,,,,,,,,,,,,,,,,,,,,,,,,
AT1G44900,GO:0048364,GO:0010082,GO:0042127,GO:0009793,,,,,,,,,,,,,,,,,,,,,,,,,,,,,,,,
AT1G53160,GO:0006355,,,,,,,,,,,,,,,,,,,,,,,,,,,,,,,,,,,
AT1G05460,,,,,,,,,,,,,,,,,,,,,,,,,,,,,,,,,,,,
AT1G79590,,,,,,,,,,,,,,,,,,,,,,,,,,,,,,,,,,,,
AT1G18880,,,,,,,,,,,,,,,,,,,,,,,,,,,,,,,,,,,,
AT1G18870,,,,,,,,,,,,,,,,,,,,,,,,,,,,,,,,,,,,
AT1G18710,GO:0009651,GO:0009753,,,,,,,,,,,,,,,,,,,,,,,,,,,,,,,,,,
AT1G71860,,,,,,,,,,,,,,,,,,,,,,,,,,,,,,,,,,,,
AT1G01070,GO:0048316,,,,,,,,,,,,,,,,,,,,,,,,,,,,,,,,,,,
AT1G33240,GO:0045892,GO:0042631,,,,,,,,,,,,,,,,,,,,,,,,,,,,,,,,,,
AT1G18330,,,,,,,,,,,,,,,,,,,,,,,,,,,,,,,,,,,,
AT1G08390,,,,,,,,,,,,,,,,,,,,,,,,,,,,,,,,,,,,
AT1G08380,GO:0009767,,,,,,,,,,,,,,,,,,,,,,,,,,,,,,,,,,,
AT1G76080,GO:0006979,GO:0009414,GO:0045454,,,,,,,,,,,,,,,,,,,,,,,,,,,,,,,,,
AT1G76100,,,,,,,,,,,,,,,,,,,,,,,,,,,,,,,,,,,,
AT1G76110,GO:0010197,GO:0006355,,,,,,,,,,,,,,,,,,,,,,,,,,,,,,,,,,
AT1G30530,GO:0051555,GO:0080167,,,,,,,,,,,,,,,,,,,,,,,,,,,,,,,,,,
AT1G11530,,,,,,,,,,,,,,,,,,,,,,,,,,,,,,,,,,,,
AT1G11350,GO:0046777,,,,,,,,,,,,,,,,,,,,,,,,,,,,,,,,,,,
AT1G80760,,,,,,,,,,,,,,,,,,,,,,,,,,,,,,,,,,,,
AT1G80920,GO:0009416,,,,,,,,,,,,,,,,,,,,,,,,,,,,,,,,,,,
AT1G65060,GO:0009698,GO:0050832,GO:0009611,,,,,,,,,,,,,,,,,,,,,,,,,,,,,,,,,
AT1G65860,,,,,,,,,,,,,,,,,,,,,,,,,,,,,,,,,,,,
AT1G65930,GO:0042742,GO:0009651,GO:0046686,GO:0010043,,,,,,,,,,,,,,,,,,,,,,,,,,,,,,,,
AT1G56010,GO:0048527,GO:0009734,,,,,,,,,,,,,,,,,,,,,,,,,,,,,,,,,,
AT1G56170,GO:0045893,,,,,,,,,,,,,,,,,,,,,,,,,,,,,,,,,,,
AT1G77850,GO:0009555,GO:0006355,GO:0009734,,,,,,,,,,,,,,,,,,,,,,,,,,,,,,,,,
AT1G74920,GO:0009414,GO:0009651,,,,,,,,,,,,,,,,,,,,,,,,,,,,,,,,,,
AT1G74740,GO:0009738,,,,,,,,,,,,,,,,,,,,,,,,,,,,,,,,,,,
AT1G68570,,,,,,,,,,,,,,,,,,,,,,,,,,,,,,,,,,,,
AT1G49480,GO:0009409,,,,,,,,,,,,,,,,,,,,,,,,,,,,,,,,,,,
AT1G50320,GO:0043085,,,,,,,,,,,,,,,,,,,,,,,,,,,,,,,,,,,
AT1G11210,GO:0006979,,,,,,,,,,,,,,,,,,,,,,,,,,,,,,,,,,,
AT1G11260,,,,,,,,,,,,,,,,,,,,,,,,,,,,,,,,,,,,
AT1G21760,GO:0009408,GO:0009409,,,,,,,,,,,,,,,,,,,,,,,,,,,,,,,,,,
AT1G17050,,,,,,,,,,,,,,,,,,,,,,,,,,,,,,,,,,,,
AT1G31350,GO:0080167,,,,,,,,,,,,,,,,,,,,,,,,,,,,,,,,,,,
AT1G15440,GO:0006364,GO:0009553,,,,,,,,,,,,,,,,,,,,,,,,,,,,,,,,,,
AT1G15100,GO:0009789,GO:0009651,GO:0016567,,,,,,,,,,,,,,,,,,,,,,,,,,,,,,,,,
AT1G13930,GO:0009651,GO:0009735,GO:0046686,,,,,,,,,,,,,,,,,,,,,,,,,,,,,,,,,
AT1G06550,GO:0080167,,,,,,,,,,,,,,,,,,,,,,,,,,,,,,,,,,,
AT1G06430,,,,,,,,,,,,,,,,,,,,,,,,,,,,,,,,,,,,
AT1G43620,GO:0009845,GO:0009813,,,,,,,,,,,,,,,,,,,,,,,,,,,,,,,,,,
AT1G75820,,,,,,,,,,,,,,,,,,,,,,,,,,,,,,,,,,,,
AT1G10760,GO:0005983,GO:0009631,,,,,,,,,,,,,,,,,,,,,,,,,,,,,,,,,,
AT1G11720,GO:0010021,,,,,,,,,,,,,,,,,,,,,,,,,,,,,,,,,,,
AT1G13080,GO:0010286,,,,,,,,,,,,,,,,,,,,,,,,,,,,,,,,,,,
AT1G64970,GO:0010189,,,,,,,,,,,,,,,,,,,,,,,,,,,,,,,,,,,
AT1G64780,GO:0009624,,,,,,,,,,,,,,,,,,,,,,,,,,,,,,,,,,,
AT1G79440,GO:0009416,GO:0072593,GO:0009408,,,,,,,,,,,,,,,,,,,,,,,,,,,,,,,,,
AT1G79410,GO:0042631,GO:0070417,,,,,,,,,,,,,,,,,,,,,,,,,,,,,,,,,,
AT1G54270,GO:0046686,,,,,,,,,,,,,,,,,,,,,,,,,,,,,,,,,,,
AT1G54410,,,,,,,,,,,,,,,,,,,,,,,,,,,,,,,,,,,,
AT1G23310,GO:0001666,,,,,,,,,,,,,,,,,,,,,,,,,,,,,,,,,,,
AT1G54210,,,,,,,,,,,,,,,,,,,,,,,,,,,,,,,,,,,,
AT1G23400,,,,,,,,,,,,,,,,,,,,,,,,,,,,,,,,,,,,
AT1G78510,,,,,,,,,,,,,,,,,,,,,,,,,,,,,,,,,,,,
AT1G78570,GO:0030154,GO:0051555,GO:0042127,,,,,,,,,,,,,,,,,,,,,,,,,,,,,,,,,
AT2G16500,GO:0006979,GO:0009409,GO:0009651,,,,,,,,,,,,,,,,,,,,,,,,,,,,,,,,,
AT2G31360,GO:0042761,,,,,,,,,,,,,,,,,,,,,,,,,,,,,,,,,,,
AT2G31380,GO:0006355,GO:0010100,,,,,,,,,,,,,,,,,,,,,,,,,,,,,,,,,,
AT2G47180,GO:0006979,GO:0009414,GO:0009737,GO:0009409,GO:0009651,GO:0042542,GO:0009644,GO:0009408,,,,,,,,,,,,,,,,,,,,,,,,,,,,
AT2G22080,GO:0006979,,,,,,,,,,,,,,,,,,,,,,,,,,,,,,,,,,,
AT2G17250,GO:0006364,GO:0009793,,,,,,,,,,,,,,,,,,,,,,,,,,,,,,,,,,
AT2G22240,GO:0009408,GO:0009644,GO:0009733,GO:0009793,GO:0010264,GO:0016036,GO:0042542,GO:0042742,GO:0050832,GO:0051607,,,,,,,,,,,,,,,,,,,,,,,,,,
AT2G31750,,,,,,,,,,,,,,,,,,,,,,,,,,,,,,,,,,,,
AT2G42530,GO:0009409,GO:0009631,GO:0009737,GO:0010150,GO:0050832,,,,,,,,,,,,,,,,,,,,,,,,,,,,,,,
AT2G42540,GO:0010150,GO:0010286,GO:0007623,GO:0010017,GO:0009414,GO:0009416,GO:0009737,GO:0009409,GO:0009819,GO:0009651,GO:0061077,GO:0009631,GO:0006970,GO:0051260,GO:0009644,,,,,,,,,,,,,,,,,,,,,
AT2G42580,GO:0006970,GO:0010305,GO:0009734,,,,,,,,,,,,,,,,,,,,,,,,,,,,,,,,,
AT2G21660,GO:0010043,GO:0046686,GO:0007623,GO:0009735,GO:0009414,GO:0009409,GO:0010119,GO:0009651,GO:0006970,GO:0010228,GO:0045087,,,,,,,,,,,,,,,,,,,,,,,,,
AT2G21650,GO:0009630,GO:0009793,GO:0010114,,,,,,,,,,,,,,,,,,,,,,,,,,,,,,,,,
AT2G16430,GO:0016036,,,,,,,,,,,,,,,,,,,,,,,,,,,,,,,,,,,
AT1G04240,GO:0009733,,,,,,,,,,,,,,,,,,,,,,,,,,,,,,,,,,,
AT1G04400,GO:0010244,GO:0051607,GO:0007623,GO:0009638,GO:0009414,GO:0046777,GO:0009646,GO:0010118,GO:0042752,GO:0009637,GO:0009416,GO:0009909,,,,,,,,,,,,,,,,,,,,,,,,
AT1G09340,GO:0009658,GO:0007623,GO:0045727,GO:0042631,GO:0009611,GO:0009409,GO:0006364,GO:0042742,GO:0045893,,,,,,,,,,,,,,,,,,,,,,,,,,,
AT1G26960,GO:0009739,,,,,,,,,,,,,,,,,,,,,,,,,,,,,,,,,,,
AT2G21320,GO:0010100,GO:0006355,GO:0071483,,,,,,,,,,,,,,,,,,,,,,,,,,,,,,,,,
AT2G21330,GO:0046686,,,,,,,,,,,,,,,,,,,,,,,,,,,,,,,,,,,
AT2G24540,GO:0009585,GO:0010017,,,,,,,,,,,,,,,,,,,,,,,,,,,,,,,,,,
AT2G40410,,,,,,,,,,,,,,,,,,,,,,,,,,,,,,,,,,,,
AT2G36880,,,,,,,,,,,,,,,,,,,,,,,,,,,,,,,,,,,,
AT2G36870,,,,,,,,,,,,,,,,,,,,,,,,,,,,,,,,,,,,
AT2G37040,GO:0009555,GO:0006979,GO:0080167,GO:0010224,GO:0009819,,,,,,,,,,,,,,,,,,,,,,,,,,,,,,,
AT2G21970,,,,,,,,,,,,,,,,,,,,,,,,,,,,,,,,,,,,
AT2G21790,GO:0046686,,,,,,,,,,,,,,,,,,,,,,,,,,,,,,,,,,,
AT2G36390,GO:0010021,,,,,,,,,,,,,,,,,,,,,,,,,,,,,,,,,,,
AT2G36310,,,,,,,,,,,,,,,,,,,,,,,,,,,,,,,,,,,,
AT2G35940,GO:0010197,GO:0009737,,,,,,,,,,,,,,,,,,,,,,,,,,,,,,,,,,
AT2G42690,,,,,,,,,,,,,,,,,,,,,,,,,,,,,,,,,,,,
AT1G54780,GO:0010206,,,,,,,,,,,,,,,,,,,,,,,,,,,,,,,,,,,
AT1G54570,GO:0019432,,,,,,,,,,,,,,,,,,,,,,,,,,,,,,,,,,,
AT1G22740,,,,,,,,,,,,,,,,,,,,,,,,,,,,,,,,,,,,
AT1G22770,GO:0007623,GO:0009908,GO:0080167,GO:0009409,GO:0042752,GO:0042542,GO:0009637,GO:0010218,GO:0006355,,,,,,,,,,,,,,,,,,,,,,,,,,,
AT1G67500,,,,,,,,,,,,,,,,,,,,,,,,,,,,,,,,,,,,
AT1G78680,,,,,,,,,,,,,,,,,,,,,,,,,,,,,,,,,,,,
AT1G09240,GO:0009555,GO:0009860,,,,,,,,,,,,,,,,,,,,,,,,,,,,,,,,,,
AT1G70410,GO:0010119,,,,,,,,,,,,,,,,,,,,,,,,,,,,,,,,,,,
AT2G25180,GO:0009735,GO:0009414,GO:0048364,GO:0048367,GO:0071368,GO:0010380,GO:0010082,,,,,,,,,,,,,,,,,,,,,,,,,,,,,
AT1G11860,GO:0046686,,,,,,,,,,,,,,,,,,,,,,,,,,,,,,,,,,,
AT1G10370,GO:0080167,GO:0048527,GO:0009651,GO:0009704,,,,,,,,,,,,,,,,,,,,,,,,,,,,,,,,
AT1G10200,,,,,,,,,,,,,,,,,,,,,,,,,,,,,,,,,,,,
AT1G09570,GO:0009640,GO:0009630,GO:0009638,,,,,,,,,,,,,,,,,,,,,,,,,,,,,,,,,
AT1G09350,GO:0006979,GO:0009409,,,,,,,,,,,,,,,,,,,,,,,,,,,,,,,,,,
AT1G05200,GO:0070417,GO:0009611,,,,,,,,,,,,,,,,,,,,,,,,,,,,,,,,,,
AT1G04550,GO:0045892,GO:0048364,,,,,,,,,,,,,,,,,,,,,,,,,,,,,,,,,,
AT1G08980,,,,,,,,,,,,,,,,,,,,,,,,,,,,,,,,,,,,
AT1G09780,GO:0009409,GO:0009555,GO:0010118,GO:0046686,,,,,,,,,,,,,,,,,,,,,,,,,,,,,,,,
AT1G09750,GO:0009627,,,,,,,,,,,,,,,,,,,,,,,,,,,,,,,,,,,
AT1G61380,GO:0046777,GO:0045087,,,,,,,,,,,,,,,,,,,,,,,,,,,,,,,,,,
AT2G17840,GO:0009409,GO:0009414,GO:0009644,GO:0009651,,,,,,,,,,,,,,,,,,,,,,,,,,,,,,,,
AT1G03600,GO:0010206,,,,,,,,,,,,,,,,,,,,,,,,,,,,,,,,,,,
AT1G24280,GO:0006006,GO:0009051,,,,,,,,,,,,,,,,,,,,,,,,,,,,,,,,,,
AT1G67360,,,,,,,,,,,,,,,,,,,,,,,,,,,,,,,,,,,,
AT1G04010,GO:0010150,,,,,,,,,,,,,,,,,,,,,,,,,,,,,,,,,,,
AT1G62480,GO:0009651,GO:0046686,,,,,,,,,,,,,,,,,,,,,,,,,,,,,,,,,,
AT1G62570,GO:0019761,,,,,,,,,,,,,,,,,,,,,,,,,,,,,,,,,,,
AT1G62560,GO:0019761,,,,,,,,,,,,,,,,,,,,,,,,,,,,,,,,,,,
AT1G51400,GO:0009611,GO:0010193,GO:0010224,,,,,,,,,,,,,,,,,,,,,,,,,,,,,,,,,
AT2G18280,GO:0006355,GO:0009620,,,,,,,,,,,,,,,,,,,,,,,,,,,,,,,,,,
AT2G22660,,,,,,,,,,,,,,,,,,,,,,,,,,,,,,,,,,,,
AT2G16720,GO:0009651,GO:0009751,,,,,,,,,,,,,,,,,,,,,,,,,,,,,,,,,,
AT2G15570,GO:0045454,,,,,,,,,,,,,,,,,,,,,,,,,,,,,,,,,,,
AT2G15970,GO:0009631,GO:0009737,GO:0042631,,,,,,,,,,,,,,,,,,,,,,,,,,,,,,,,,
AT2G25450,GO:0019761,,,,,,,,,,,,,,,,,,,,,,,,,,,,,,,,,,,
AT2G25620,,,,,,,,,,,,,,,,,,,,,,,,,,,,,,,,,,,,
AT2G24220,,,,,,,,,,,,,,,,,,,,,,,,,,,,,,,,,,,,
AT2G37970,GO:0010017,,,,,,,,,,,,,,,,,,,,,,,,,,,,,,,,,,,
AT2G39010,GO:0009624,,,,,,,,,,,,,,,,,,,,,,,,,,,,,,,,,,,
AT2G39000,,,,,,,,,,,,,,,,,,,,,,,,,,,,,,,,,,,,
AT2G28900,GO:0009611,GO:0009409,GO:0009753,GO:0009749,GO:0009744,,,,,,,,,,,,,,,,,,,,,,,,,,,,,,,
AT2G01420,GO:0009926,GO:0048364,,,,,,,,,,,,,,,,,,,,,,,,,,,,,,,,,,
AT2G27050,GO:0042742,GO:0009723,GO:0009873,,,,,,,,,,,,,,,,,,,,,,,,,,,,,,,,,
AT2G43100,GO:0019761,,,,,,,,,,,,,,,,,,,,,,,,,,,,,,,,,,,
AT2G38670,,,,,,,,,,,,,,,,,,,,,,,,,,,,,,,,,,,,
AT2G47930,GO:0080167,,,,,,,,,,,,,,,,,,,,,,,,,,,,,,,,,,,
AT2G31070,GO:0030154,GO:0048366,GO:0009965,GO:0006355,,,,,,,,,,,,,,,,,,,,,,,,,,,,,,,,
AT2G47910,,,,,,,,,,,,,,,,,,,,,,,,,,,,,,,,,,,,
AT2G47990,GO:0006364,GO:0009553,,,,,,,,,,,,,,,,,,,,,,,,,,,,,,,,,,
AT2G47890,GO:0006355,,,,,,,,,,,,,,,,,,,,,,,,,,,,,,,,,,,
AT2G46170,GO:0080167,,,,,,,,,,,,,,,,,,,,,,,,,,,,,,,,,,,
AT2G23910,GO:0080167,,,,,,,,,,,,,,,,,,,,,,,,,,,,,,,,,,,
AT2G46260,GO:0010114,,,,,,,,,,,,,,,,,,,,,,,,,,,,,,,,,,,
AT2G46030,GO:0006511,,,,,,,,,,,,,,,,,,,,,,,,,,,,,,,,,,,
AT2G25900,GO:0006355,,,,,,,,,,,,,,,,,,,,,,,,,,,,,,,,,,,
AT2G29760,,,,,,,,,,,,,,,,,,,,,,,,,,,,,,,,,,,,
AT2G19760,GO:0048366,GO:0048527,GO:0009826,,,,,,,,,,,,,,,,,,,,,,,,,,,,,,,,,
AT2G46830,GO:0046686,GO:0007623,GO:0009723,GO:0009737,GO:0009409,GO:0009753,GO:0009651,GO:0009733,GO:0009739,GO:0045893,GO:0009751,GO:0045892,,,,,,,,,,,,,,,,,,,,,,,,
AT2G02950,GO:0009585,GO:0009638,GO:0009958,GO:0010017,GO:0010114,GO:0010218,,,,,,,,,,,,,,,,,,,,,,,,,,,,,,
AT2G22840,GO:0009624,GO:0048364,,,,,,,,,,,,,,,,,,,,,,,,,,,,,,,,,,
AT2G45740,,,,,,,,,,,,,,,,,,,,,,,,,,,,,,,,,,,,
AT2G18960,GO:0009414,GO:0009737,GO:0010119,,,,,,,,,,,,,,,,,,,,,,,,,,,,,,,,,
AT2G34630,,,,,,,,,,,,,,,,,,,,,,,,,,,,,,,,,,,,
AT2G39450,,,,,,,,,,,,,,,,,,,,,,,,,,,,,,,,,,,,
AT2G34470,GO:0006807,GO:0043085,,,,,,,,,,,,,,,,,,,,,,,,,,,,,,,,,,
AT2G38310,GO:0009738,,,,,,,,,,,,,,,,,,,,,,,,,,,,,,,,,,,
AT2G41040,GO:0080167,,,,,,,,,,,,,,,,,,,,,,,,,,,,,,,,,,,
AT2G41010,GO:0009414,GO:0009651,,,,,,,,,,,,,,,,,,,,,,,,,,,,,,,,,,
AT2G38280,GO:0009737,GO:0009793,,,,,,,,,,,,,,,,,,,,,,,,,,,,,,,,,,
AT2G41460,GO:0045893,,,,,,,,,,,,,,,,,,,,,,,,,,,,,,,,,,,
AT2G41430,GO:0009617,GO:0009644,,,,,,,,,,,,,,,,,,,,,,,,,,,,,,,,,,
AT2G14750,,,,,,,,,,,,,,,,,,,,,,,,,,,,,,,,,,,,
AT2G44130,GO:2000762,,,,,,,,,,,,,,,,,,,,,,,,,,,,,,,,,,,
AT2G19450,GO:0010030,GO:0009793,GO:0009737,GO:0009409,GO:0019432,GO:0009651,GO:0010029,GO:0009749,,,,,,,,,,,,,,,,,,,,,,,,,,,,
AT2G19310,GO:0006979,GO:0009408,GO:0009644,GO:0042542,,,,,,,,,,,,,,,,,,,,,,,,,,,,,,,,
AT2G39940,GO:0009641,GO:0009611,GO:0010118,GO:0009753,GO:0050832,GO:0042742,GO:0010218,GO:0009909,,,,,,,,,,,,,,,,,,,,,,,,,,,,
AT2G39930,GO:0010021,,,,,,,,,,,,,,,,,,,,,,,,,,,,,,,,,,,
AT2G39890,,,,,,,,,,,,,,,,,,,,,,,,,,,,,,,,,,,,
AT2G40080,GO:0010114,GO:0010017,GO:0080167,GO:0048573,GO:0009909,,,,,,,,,,,,,,,,,,,,,,,,,,,,,,,
AT2G26300,GO:0010244,GO:0042127,GO:0010119,GO:0009845,GO:0009789,GO:0009738,GO:0009740,GO:0009749,GO:0072593,,,,,,,,,,,,,,,,,,,,,,,,,,,
AT2G34930,GO:0050832,,,,,,,,,,,,,,,,,,,,,,,,,,,,,,,,,,,
AT2G35040,GO:0009409,,,,,,,,,,,,,,,,,,,,,,,,,,,,,,,,,,,
AT2G34810,GO:0009611,GO:0009753,,,,,,,,,,,,,,,,,,,,,,,,,,,,,,,,,,
AT2G30490,GO:0009698,GO:0080167,GO:0009555,,,,,,,,,,,,,,,,,,,,,,,,,,,,,,,,,
